"whiteToBlack","color00","color01","color02","color03","color04","color05","color06","color07","color08","color09","color10","color11"
"<255,255,255>","<0,51,51>","<0,26,128>","<26,0,104>","<51,0,51>","<77,0,26>","<153,0,0>","<153,51,0>","<153,77,0>","<153,102,0>","<153,153,0>","<102,102,0>","<0,51,0>"
"<242,242,242>","<26,77,77>","<26,51,153>","<51,26,128>","<77,26,77>","<102,26,51>","<179,26,26>","<179,77,26>","<179,102,26>","<179,128,26>","<179,179,26>","<128,128,26>","<26,77,26>"
"<230,230,230>","<51,102,102>","<51,77,179>","<77,51,153>","<102,51,102>","<128,51,77>","<204,51,51>","<204,102,51>","<204,128,51>","<204,153,51>","<204,204,51>","<153,153,51>","<51,102,51>"
"<204,204,204>","<77,128,128>","<77,102,204>","<102,77,179>","<128,77,128>","<153,77,102>","<230,77,77>","<230,128,77>","<230,153,77>","<230,179,77>","<230,230,77>","<179,179,77>","<77,128,77>"
"<179,179,179>","<103,153,153>","<102,128,230>","<128,102,204>","<153,102,153>","<179,102,128>","<255,102,102>","<255,153,102>","<255,179,102>","<255,204,102>","<255,255,77>","<204,204,102>","<102,153,102>"
"<153,153,153>","<129,179,179>","<128,153,255>","<153,128,230>","<179,128,179>","<204,128,153>","<255,128,128>","<255,153,128>","<255,204,128>","<255,230,102>","<255,255,102>","<230,230,128>","<128,179,128>"
"<128,128,128>","<153,204,204>","<153,179,255>","<179,153,255>","<204,153,204>","<230,153,179>","<255,153,153>","<255,179,128>","<255,204,153>","<255,230,128>","<255,255,128>","<230,230,153>","<153,204,153>"
"<102,102,102>","<179,229,229>","<179,204,255>","<204,179,255>","<230,179,230>","<230,179,204>","<255,179,179>","<255,179,153>","<255,230,179>","<255,230,153>","<255,255,153>","<230,230,179>","<179,230,179>"
"<77,77,77>","<204,255,255>","<204,230,255>","<230,204,255>","<255,204,255>","<255,205,230>","<255,204,204>","<255,204,179>","<255,230,204>","<255,255,179>","<255,255,204>","<230,230,204>","<204,255,204>"
"<51,51,51>","<999,999,999>","<999,999,999>","<999,999,999>","<999,999,999>","<999,999,999>","<999,999,999>","<999,999,999>","<999,999,999>","<999,999,999>","<999,999,999>","<999,999,999>","<999,999,999>"
"<26,26,26>","<999,999,999>","<999,999,999>","<999,999,999>","<999,999,999>","<999,999,999>","<999,999,999>","<999,999,999>","<999,999,999>","<999,999,999>","<999,999,999>","<999,999,999>","<999,999,999>"
"<0,0,0>","<999,999,999>","<999,999,999>","<999,999,999>","<999,999,999>","<999,999,999>","<999,999,999>","<999,999,999>","<999,999,999>","<999,999,999>","<999,999,999>","<999,999,999>","<999,999,999>"
"vector","vector","vector","vector","vector","vector","vector","vector","vector","vector","vector","vector","vector"