"levelIndex","displayLevel","xpPerLevel","reward","rewardQty"
0,1,100,"settings/itemflav/pack/cosmetic_rare.rpak",1
1,2,2650,"settings/itemflav/pack/cosmetic_rare.rpak",1
2,3,3900,"settings/itemflav/pack/cosmetic_rare.rpak",1
0,0,0,"settings/itemflav/grx_currency/credits.rpak",600
3,4,4750,"settings/itemflav/pack/cosmetic_rare.rpak",1
0,0,0,"settings/itemflav/grx_currency/credits.rpak",600
4,5,5600,"settings/itemflav/pack/cosmetic_rare.rpak",1
0,0,0,"settings/itemflav/grx_currency/credits.rpak",600
5,6,6350,"settings/itemflav/pack/cosmetic_rare.rpak",1
0,0,0,"settings/itemflav/grx_currency/credits.rpak",600
6,7,7100,"settings/itemflav/pack/cosmetic_rare.rpak",1
0,0,0,"settings/itemflav/grx_currency/credits.rpak",600
7,8,7850,"settings/itemflav/pack/cosmetic_rare.rpak",1
0,0,0,"settings/itemflav/grx_currency/credits.rpak",600
8,9,8150,"settings/itemflav/pack/cosmetic_rare.rpak",1
0,0,0,"settings/itemflav/grx_currency/credits.rpak",600
9,10,8600,"settings/itemflav/pack/cosmetic_rare.rpak",1
0,0,0,"settings/itemflav/grx_currency/credits.rpak",600
10,11,9050,"settings/itemflav/pack/cosmetic_rare.rpak",1
0,0,0,"settings/itemflav/grx_currency/credits.rpak",600
11,12,9500,"settings/itemflav/pack/cosmetic_rare.rpak",1
0,0,0,"settings/itemflav/grx_currency/credits.rpak",600
12,13,9950,"settings/itemflav/pack/cosmetic_rare.rpak",1
0,0,0,"settings/itemflav/grx_currency/credits.rpak",600
13,14,10400,"settings/itemflav/pack/cosmetic_rare.rpak",1
0,0,0,"settings/itemflav/grx_currency/credits.rpak",600
14,15,10850,"settings/itemflav/pack/cosmetic_rare.rpak",1
0,0,0,"settings/itemflav/grx_currency/credits.rpak",600
15,16,11300,"settings/itemflav/pack/cosmetic_rare.rpak",1
0,0,0,"settings/itemflav/grx_currency/credits.rpak",600
16,17,11750,"settings/itemflav/pack/cosmetic_rare.rpak",1
0,0,0,"settings/itemflav/grx_currency/credits.rpak",600
17,18,12200,"settings/itemflav/pack/cosmetic_rare.rpak",1
0,0,0,"settings/itemflav/grx_currency/credits.rpak",600
18,19,12350,"settings/itemflav/pack/cosmetic_rare.rpak",1
0,0,0,"settings/itemflav/grx_currency/credits.rpak",600
19,20,12500,"settings/itemflav/grx_currency/credits.rpak",600
20,21,12650,"settings/itemflav/pack/cosmetic_rare.rpak",1
0,0,0,"settings/itemflav/grx_currency/credits.rpak",600
21,22,12800,"settings/itemflav/grx_currency/credits.rpak",600
22,23,12950,"settings/itemflav/pack/cosmetic_rare.rpak",1
0,0,0,"settings/itemflav/grx_currency/credits.rpak",600
23,24,13100,"settings/itemflav/grx_currency/credits.rpak",600
24,25,13250,"settings/itemflav/pack/cosmetic_rare.rpak",1
0,0,0,"settings/itemflav/grx_currency/credits.rpak",600
25,26,13400,"settings/itemflav/grx_currency/credits.rpak",600
26,27,13550,"settings/itemflav/pack/cosmetic_rare.rpak",1
0,0,0,"settings/itemflav/grx_currency/credits.rpak",600
27,28,13700,"settings/itemflav/grx_currency/credits.rpak",600
28,29,13850,"settings/itemflav/pack/cosmetic_rare.rpak",1
0,0,0,"settings/itemflav/grx_currency/credits.rpak",600
29,30,14000,"settings/itemflav/grx_currency/credits.rpak",600
30,31,14150,"settings/itemflav/pack/cosmetic_rare.rpak",1
0,0,0,"settings/itemflav/grx_currency/credits.rpak",600
31,32,14300,"settings/itemflav/grx_currency/credits.rpak",600
32,33,14450,"settings/itemflav/pack/cosmetic_rare.rpak",1
0,0,0,"settings/itemflav/grx_currency/credits.rpak",600
33,34,14600,"settings/itemflav/grx_currency/credits.rpak",600
34,35,14750,"settings/itemflav/pack/cosmetic_rare.rpak",1
0,0,0,"settings/itemflav/grx_currency/credits.rpak",600
35,36,14900,"settings/itemflav/grx_currency/credits.rpak",600
36,37,15050,"settings/itemflav/pack/cosmetic_rare.rpak",1
0,0,0,"settings/itemflav/grx_currency/credits.rpak",600
37,38,15200,"settings/itemflav/grx_currency/credits.rpak",600
38,39,15350,"settings/itemflav/pack/cosmetic_rare.rpak",1
0,0,0,"settings/itemflav/grx_currency/credits.rpak",600
39,40,15500,"settings/itemflav/grx_currency/credits.rpak",600
40,41,15650,"settings/itemflav/pack/cosmetic_rare.rpak",1
0,0,0,"settings/itemflav/grx_currency/credits.rpak",600
41,42,15800,"settings/itemflav/grx_currency/credits.rpak",600
42,43,15950,"settings/itemflav/pack/cosmetic_rare.rpak",1
0,0,0,"settings/itemflav/grx_currency/credits.rpak",600
43,44,16100,"settings/itemflav/grx_currency/credits.rpak",600
44,45,16250,"settings/itemflav/pack/cosmetic_rare.rpak",1
0,0,0,"settings/itemflav/grx_currency/credits.rpak",600
45,46,16400,"settings/itemflav/grx_currency/credits.rpak",600
46,47,16550,"settings/itemflav/pack/cosmetic_rare.rpak",1
0,0,0,"settings/itemflav/grx_currency/credits.rpak",600
47,48,16700,"settings/itemflav/grx_currency/credits.rpak",600
48,49,16850,"settings/itemflav/pack/cosmetic_rare.rpak",1
0,0,0,"settings/itemflav/grx_currency/credits.rpak",600
49,50,17000,"settings/itemflav/grx_currency/credits.rpak",600
50,51,17150,"settings/itemflav/pack/cosmetic_rare.rpak",1
0,0,0,"settings/itemflav/grx_currency/credits.rpak",600
51,52,17300,"settings/itemflav/grx_currency/credits.rpak",600
52,53,17450,"settings/itemflav/pack/cosmetic_rare.rpak",1
0,0,0,"settings/itemflav/grx_currency/credits.rpak",600
53,54,17600,"settings/itemflav/grx_currency/credits.rpak",600
54,55,17750,"settings/itemflav/pack/cosmetic_rare.rpak",1
0,0,0,"settings/itemflav/grx_currency/credits.rpak",600
55,56,17900,"settings/itemflav/grx_currency/credits.rpak",600
56,57,18000,"settings/itemflav/pack/cosmetic_rare.rpak",1
0,0,0,"settings/itemflav/grx_currency/credits.rpak",600
57,58,18000,"settings/itemflav/grx_currency/credits.rpak",600
58,59,18000,"settings/itemflav/pack/cosmetic_rare.rpak",1
0,0,0,"settings/itemflav/grx_currency/credits.rpak",600
59,60,18000,"settings/itemflav/grx_currency/credits.rpak",600
60,61,18000,"settings/itemflav/pack/cosmetic_rare.rpak",1
0,0,0,"settings/itemflav/grx_currency/credits.rpak",600
61,62,18000,"settings/itemflav/grx_currency/credits.rpak",600
62,63,18000,"settings/itemflav/pack/cosmetic_rare.rpak",1
0,0,0,"settings/itemflav/grx_currency/credits.rpak",600
63,64,18000,"settings/itemflav/grx_currency/credits.rpak",600
64,65,18000,"settings/itemflav/pack/cosmetic_rare.rpak",1
0,0,0,"settings/itemflav/grx_currency/credits.rpak",600
65,66,18000,"settings/itemflav/grx_currency/credits.rpak",600
66,67,18000,"settings/itemflav/pack/cosmetic_rare.rpak",1
0,0,0,"settings/itemflav/grx_currency/credits.rpak",600
67,68,18000,"settings/itemflav/grx_currency/credits.rpak",600
68,69,18000,"settings/itemflav/pack/cosmetic_rare.rpak",1
0,0,0,"settings/itemflav/grx_currency/credits.rpak",600
69,70,18000,"settings/itemflav/grx_currency/credits.rpak",600
70,71,18000,"settings/itemflav/pack/cosmetic_rare.rpak",1
0,0,0,"settings/itemflav/grx_currency/credits.rpak",600
71,72,18000,"settings/itemflav/grx_currency/credits.rpak",600
72,73,18000,"settings/itemflav/pack/cosmetic_rare.rpak",1
0,0,0,"settings/itemflav/grx_currency/credits.rpak",600
73,74,18000,"settings/itemflav/grx_currency/credits.rpak",600
74,75,18000,"settings/itemflav/pack/cosmetic_rare.rpak",1
0,0,0,"settings/itemflav/grx_currency/credits.rpak",600
75,76,18000,"settings/itemflav/grx_currency/credits.rpak",600
76,77,18000,"settings/itemflav/pack/cosmetic_rare.rpak",1
0,0,0,"settings/itemflav/grx_currency/credits.rpak",600
77,78,18000,"settings/itemflav/grx_currency/credits.rpak",600
78,79,18000,"settings/itemflav/pack/cosmetic_rare.rpak",1
0,0,0,"settings/itemflav/grx_currency/credits.rpak",600
79,80,18000,"settings/itemflav/grx_currency/credits.rpak",600
80,81,18000,"settings/itemflav/pack/cosmetic_rare.rpak",1
0,0,0,"settings/itemflav/grx_currency/credits.rpak",600
81,82,18000,"settings/itemflav/grx_currency/credits.rpak",600
82,83,18000,"settings/itemflav/pack/cosmetic_rare.rpak",1
0,0,0,"settings/itemflav/grx_currency/credits.rpak",600
83,84,18000,"settings/itemflav/grx_currency/credits.rpak",600
84,85,18000,"settings/itemflav/pack/cosmetic_rare.rpak",1
0,0,0,"settings/itemflav/grx_currency/credits.rpak",600
85,86,18000,"settings/itemflav/grx_currency/credits.rpak",600
86,87,18000,"settings/itemflav/pack/cosmetic_rare.rpak",1
0,0,0,"settings/itemflav/grx_currency/credits.rpak",600
87,88,18000,"settings/itemflav/grx_currency/credits.rpak",600
88,89,18000,"settings/itemflav/pack/cosmetic_rare.rpak",1
0,0,0,"settings/itemflav/grx_currency/credits.rpak",600
89,90,18000,"settings/itemflav/grx_currency/credits.rpak",600
90,91,18000,"settings/itemflav/pack/cosmetic_rare.rpak",1
0,0,0,"settings/itemflav/grx_currency/credits.rpak",600
91,92,18000,"settings/itemflav/grx_currency/credits.rpak",600
92,93,18000,"settings/itemflav/pack/cosmetic_rare.rpak",1
0,0,0,"settings/itemflav/grx_currency/credits.rpak",600
93,94,18000,"settings/itemflav/grx_currency/credits.rpak",600
94,95,18000,"settings/itemflav/pack/cosmetic_rare.rpak",1
0,0,0,"settings/itemflav/grx_currency/credits.rpak",600
95,96,18000,"settings/itemflav/grx_currency/credits.rpak",600
96,97,18000,"settings/itemflav/pack/cosmetic_rare.rpak",1
0,0,0,"settings/itemflav/grx_currency/credits.rpak",600
97,98,18000,"settings/itemflav/grx_currency/credits.rpak",600
98,99,18000,"settings/itemflav/pack/cosmetic_rare.rpak",1
0,0,0,"settings/itemflav/grx_currency/credits.rpak",600
0,0,0,"settings/itemflav/weapon_charm/charm_apex_mode_v20_br_ranklevel_100v01.rpak",1
99,100,18000,"settings/itemflav/grx_currency/credits.rpak",600
100,101,18000,"settings/itemflav/pack/cosmetic_rare.rpak",1
0,0,0,"settings/itemflav/grx_currency/credits.rpak",600
101,102,18000,"settings/itemflav/grx_currency/credits.rpak",600
102,103,18000,"settings/itemflav/pack/cosmetic_rare.rpak",1
0,0,0,"settings/itemflav/grx_currency/credits.rpak",600
103,104,18000,"settings/itemflav/grx_currency/credits.rpak",600
104,105,18000,"settings/itemflav/pack/cosmetic_rare.rpak",1
0,0,0,"settings/itemflav/grx_currency/credits.rpak",600
105,106,18000,"settings/itemflav/grx_currency/credits.rpak",600
106,107,18000,"settings/itemflav/pack/cosmetic_rare.rpak",1
0,0,0,"settings/itemflav/grx_currency/credits.rpak",600
107,108,18000,"settings/itemflav/grx_currency/credits.rpak",600
108,109,18000,"settings/itemflav/pack/cosmetic_rare.rpak",1
0,0,0,"settings/itemflav/grx_currency/credits.rpak",600
109,110,18000,"settings/itemflav/grx_currency/credits.rpak",600
110,111,18000,"settings/itemflav/pack/cosmetic_rare.rpak",1
0,0,0,"settings/itemflav/grx_currency/credits.rpak",600
111,112,18000,"settings/itemflav/grx_currency/credits.rpak",600
112,113,18000,"settings/itemflav/pack/cosmetic_rare.rpak",1
0,0,0,"settings/itemflav/grx_currency/credits.rpak",600
113,114,18000,"settings/itemflav/grx_currency/credits.rpak",600
114,115,18000,"settings/itemflav/pack/cosmetic_rare.rpak",1
0,0,0,"settings/itemflav/grx_currency/credits.rpak",600
115,116,18000,"settings/itemflav/grx_currency/credits.rpak",600
116,117,18000,"settings/itemflav/pack/cosmetic_rare.rpak",1
0,0,0,"settings/itemflav/grx_currency/credits.rpak",600
117,118,18000,"settings/itemflav/grx_currency/credits.rpak",600
118,119,18000,"settings/itemflav/pack/cosmetic_rare.rpak",1
0,0,0,"settings/itemflav/grx_currency/credits.rpak",600
119,120,18000,"settings/itemflav/grx_currency/credits.rpak",600
120,121,18000,"settings/itemflav/pack/cosmetic_rare.rpak",1
0,0,0,"settings/itemflav/grx_currency/credits.rpak",600
121,122,18000,"settings/itemflav/grx_currency/credits.rpak",600
122,123,18000,"settings/itemflav/pack/cosmetic_rare.rpak",1
0,0,0,"settings/itemflav/grx_currency/credits.rpak",600
123,124,18000,"settings/itemflav/grx_currency/credits.rpak",600
124,125,18000,"settings/itemflav/pack/cosmetic_rare.rpak",1
0,0,0,"settings/itemflav/grx_currency/credits.rpak",600
125,126,18000,"settings/itemflav/grx_currency/credits.rpak",600
126,127,18000,"settings/itemflav/pack/cosmetic_rare.rpak",1
0,0,0,"settings/itemflav/grx_currency/credits.rpak",600
127,128,18000,"settings/itemflav/grx_currency/credits.rpak",600
128,129,18000,"settings/itemflav/pack/cosmetic_rare.rpak",1
0,0,0,"settings/itemflav/grx_currency/credits.rpak",600
129,130,18000,"settings/itemflav/grx_currency/credits.rpak",600
130,131,18000,"settings/itemflav/pack/cosmetic_rare.rpak",1
0,0,0,"settings/itemflav/grx_currency/credits.rpak",600
131,132,18000,"settings/itemflav/grx_currency/credits.rpak",600
132,133,18000,"settings/itemflav/pack/cosmetic_rare.rpak",1
0,0,0,"settings/itemflav/grx_currency/credits.rpak",600
133,134,18000,"settings/itemflav/grx_currency/credits.rpak",600
134,135,18000,"settings/itemflav/pack/cosmetic_rare.rpak",1
0,0,0,"settings/itemflav/grx_currency/credits.rpak",600
135,136,18000,"settings/itemflav/grx_currency/credits.rpak",600
136,137,18000,"settings/itemflav/pack/cosmetic_rare.rpak",1
0,0,0,"settings/itemflav/grx_currency/credits.rpak",600
137,138,18000,"settings/itemflav/grx_currency/credits.rpak",600
138,139,18000,"settings/itemflav/pack/cosmetic_rare.rpak",1
0,0,0,"settings/itemflav/grx_currency/credits.rpak",600
139,140,18000,"settings/itemflav/grx_currency/credits.rpak",600
140,141,18000,"settings/itemflav/pack/cosmetic_rare.rpak",1
0,0,0,"settings/itemflav/grx_currency/credits.rpak",600
141,142,18000,"settings/itemflav/grx_currency/credits.rpak",600
142,143,18000,"settings/itemflav/pack/cosmetic_rare.rpak",1
0,0,0,"settings/itemflav/grx_currency/credits.rpak",600
143,144,18000,"settings/itemflav/grx_currency/credits.rpak",600
144,145,18000,"settings/itemflav/pack/cosmetic_rare.rpak",1
0,0,0,"settings/itemflav/grx_currency/credits.rpak",600
145,146,18000,"settings/itemflav/grx_currency/credits.rpak",600
146,147,18000,"settings/itemflav/pack/cosmetic_rare.rpak",1
0,0,0,"settings/itemflav/grx_currency/credits.rpak",600
147,148,18000,"settings/itemflav/grx_currency/credits.rpak",600
148,149,18000,"settings/itemflav/pack/cosmetic_rare.rpak",1
0,0,0,"settings/itemflav/grx_currency/credits.rpak",600
149,150,18000,"settings/itemflav/grx_currency/credits.rpak",600
150,151,18000,"settings/itemflav/pack/cosmetic_rare.rpak",1
0,0,0,"settings/itemflav/grx_currency/credits.rpak",600
151,152,18000,"settings/itemflav/grx_currency/credits.rpak",600
152,153,18000,"settings/itemflav/pack/cosmetic_rare.rpak",1
0,0,0,"settings/itemflav/grx_currency/credits.rpak",600
153,154,18000,"settings/itemflav/grx_currency/credits.rpak",600
154,155,18000,"settings/itemflav/pack/cosmetic_rare.rpak",1
0,0,0,"settings/itemflav/grx_currency/credits.rpak",600
155,156,18000,"settings/itemflav/grx_currency/credits.rpak",600
156,157,18000,"settings/itemflav/pack/cosmetic_rare.rpak",1
0,0,0,"settings/itemflav/grx_currency/credits.rpak",600
157,158,18000,"settings/itemflav/grx_currency/credits.rpak",600
158,159,18000,"settings/itemflav/pack/cosmetic_rare.rpak",1
0,0,0,"settings/itemflav/grx_currency/credits.rpak",600
159,160,18000,"settings/itemflav/grx_currency/credits.rpak",600
160,161,18000,"settings/itemflav/pack/cosmetic_rare.rpak",1
0,0,0,"settings/itemflav/grx_currency/credits.rpak",600
161,162,18000,"settings/itemflav/grx_currency/credits.rpak",600
162,163,18000,"settings/itemflav/pack/cosmetic_rare.rpak",1
0,0,0,"settings/itemflav/grx_currency/credits.rpak",600
163,164,18000,"settings/itemflav/grx_currency/credits.rpak",600
164,165,18000,"settings/itemflav/pack/cosmetic_rare.rpak",1
0,0,0,"settings/itemflav/grx_currency/credits.rpak",600
165,166,18000,"settings/itemflav/grx_currency/credits.rpak",600
166,167,18000,"settings/itemflav/pack/cosmetic_rare.rpak",1
0,0,0,"settings/itemflav/grx_currency/credits.rpak",600
167,168,18000,"settings/itemflav/grx_currency/credits.rpak",600
168,169,18000,"settings/itemflav/pack/cosmetic_rare.rpak",1
0,0,0,"settings/itemflav/grx_currency/credits.rpak",600
169,170,18000,"settings/itemflav/grx_currency/credits.rpak",600
170,171,18000,"settings/itemflav/pack/cosmetic_rare.rpak",1
0,0,0,"settings/itemflav/grx_currency/credits.rpak",600
171,172,18000,"settings/itemflav/grx_currency/credits.rpak",600
172,173,18000,"settings/itemflav/pack/cosmetic_rare.rpak",1
0,0,0,"settings/itemflav/grx_currency/credits.rpak",600
173,174,18000,"settings/itemflav/grx_currency/credits.rpak",600
174,175,18000,"settings/itemflav/pack/cosmetic_rare.rpak",1
0,0,0,"settings/itemflav/grx_currency/credits.rpak",600
175,176,18000,"settings/itemflav/grx_currency/credits.rpak",600
176,177,18000,"settings/itemflav/pack/cosmetic_rare.rpak",1
0,0,0,"settings/itemflav/grx_currency/credits.rpak",600
177,178,18000,"settings/itemflav/grx_currency/credits.rpak",600
178,179,18000,"settings/itemflav/pack/cosmetic_rare.rpak",1
0,0,0,"settings/itemflav/grx_currency/credits.rpak",600
179,180,18000,"settings/itemflav/grx_currency/credits.rpak",600
180,181,18000,"settings/itemflav/pack/cosmetic_rare.rpak",1
0,0,0,"settings/itemflav/grx_currency/credits.rpak",600
181,182,18000,"settings/itemflav/grx_currency/credits.rpak",600
182,183,18000,"settings/itemflav/pack/cosmetic_rare.rpak",1
0,0,0,"settings/itemflav/grx_currency/credits.rpak",600
183,184,18000,"settings/itemflav/grx_currency/credits.rpak",600
184,185,18000,"settings/itemflav/pack/cosmetic_rare.rpak",1
0,0,0,"settings/itemflav/grx_currency/credits.rpak",600
185,186,18000,"settings/itemflav/grx_currency/credits.rpak",600
186,187,18000,"settings/itemflav/pack/cosmetic_rare.rpak",1
0,0,0,"settings/itemflav/grx_currency/credits.rpak",600
187,188,18000,"settings/itemflav/grx_currency/credits.rpak",600
188,189,18000,"settings/itemflav/pack/cosmetic_rare.rpak",1
0,0,0,"settings/itemflav/grx_currency/credits.rpak",600
189,190,18000,"settings/itemflav/grx_currency/credits.rpak",600
190,191,18000,"settings/itemflav/pack/cosmetic_rare.rpak",1
0,0,0,"settings/itemflav/grx_currency/credits.rpak",600
191,192,18000,"settings/itemflav/grx_currency/credits.rpak",600
192,193,18000,"settings/itemflav/pack/cosmetic_rare.rpak",1
0,0,0,"settings/itemflav/grx_currency/credits.rpak",600
193,194,18000,"settings/itemflav/grx_currency/credits.rpak",600
194,195,18000,"settings/itemflav/pack/cosmetic_rare.rpak",1
0,0,0,"settings/itemflav/grx_currency/credits.rpak",600
195,196,18000,"settings/itemflav/grx_currency/credits.rpak",600
196,197,18000,"settings/itemflav/pack/cosmetic_rare.rpak",1
0,0,0,"settings/itemflav/grx_currency/credits.rpak",600
197,198,18000,"settings/itemflav/grx_currency/credits.rpak",600
198,199,18000,"settings/itemflav/pack/cosmetic_rare.rpak",1
0,0,0,"settings/itemflav/grx_currency/credits.rpak",600
0,0,0,"settings/itemflav/weapon_charm/charm_apex_mode_v20_br_ranklevel_200v01.rpak",1
199,200,18000,"settings/itemflav/grx_currency/credits.rpak",600
200,201,18000,"settings/itemflav/pack/cosmetic_rare.rpak",1
0,0,0,"settings/itemflav/grx_currency/credits.rpak",600
201,202,18000,"settings/itemflav/grx_currency/credits.rpak",600
202,203,18000,"settings/itemflav/pack/cosmetic_rare.rpak",1
0,0,0,"settings/itemflav/grx_currency/credits.rpak",600
203,204,18000,"settings/itemflav/grx_currency/credits.rpak",600
204,205,18000,"settings/itemflav/pack/cosmetic_rare.rpak",1
0,0,0,"settings/itemflav/grx_currency/credits.rpak",600
205,206,18000,"settings/itemflav/grx_currency/credits.rpak",600
206,207,18000,"settings/itemflav/pack/cosmetic_rare.rpak",1
0,0,0,"settings/itemflav/grx_currency/credits.rpak",600
207,208,18000,"settings/itemflav/grx_currency/credits.rpak",600
208,209,18000,"settings/itemflav/pack/cosmetic_rare.rpak",1
0,0,0,"settings/itemflav/grx_currency/credits.rpak",600
209,210,18000,"settings/itemflav/grx_currency/credits.rpak",600
210,211,18000,"settings/itemflav/pack/cosmetic_rare.rpak",1
0,0,0,"settings/itemflav/grx_currency/credits.rpak",600
211,212,18000,"settings/itemflav/grx_currency/credits.rpak",600
212,213,18000,"settings/itemflav/pack/cosmetic_rare.rpak",1
0,0,0,"settings/itemflav/grx_currency/credits.rpak",600
213,214,18000,"settings/itemflav/grx_currency/credits.rpak",600
214,215,18000,"settings/itemflav/pack/cosmetic_rare.rpak",1
0,0,0,"settings/itemflav/grx_currency/credits.rpak",600
215,216,18000,"settings/itemflav/grx_currency/credits.rpak",600
216,217,18000,"settings/itemflav/pack/cosmetic_rare.rpak",1
0,0,0,"settings/itemflav/grx_currency/credits.rpak",600
217,218,18000,"settings/itemflav/grx_currency/credits.rpak",600
218,219,18000,"settings/itemflav/pack/cosmetic_rare.rpak",1
0,0,0,"settings/itemflav/grx_currency/credits.rpak",600
219,220,18000,"settings/itemflav/grx_currency/credits.rpak",600
220,221,18000,"settings/itemflav/pack/cosmetic_rare.rpak",1
0,0,0,"settings/itemflav/grx_currency/credits.rpak",600
221,222,18000,"settings/itemflav/grx_currency/credits.rpak",600
222,223,18000,"settings/itemflav/pack/cosmetic_rare.rpak",1
0,0,0,"settings/itemflav/grx_currency/credits.rpak",600
223,224,18000,"settings/itemflav/grx_currency/credits.rpak",600
224,225,18000,"settings/itemflav/pack/cosmetic_rare.rpak",1
0,0,0,"settings/itemflav/grx_currency/credits.rpak",600
225,226,18000,"settings/itemflav/grx_currency/credits.rpak",600
226,227,18000,"settings/itemflav/pack/cosmetic_rare.rpak",1
0,0,0,"settings/itemflav/grx_currency/credits.rpak",600
227,228,18000,"settings/itemflav/grx_currency/credits.rpak",600
228,229,18000,"settings/itemflav/pack/cosmetic_rare.rpak",1
0,0,0,"settings/itemflav/grx_currency/credits.rpak",600
229,230,18000,"settings/itemflav/grx_currency/credits.rpak",600
230,231,18000,"settings/itemflav/pack/cosmetic_rare.rpak",1
0,0,0,"settings/itemflav/grx_currency/credits.rpak",600
231,232,18000,"settings/itemflav/grx_currency/credits.rpak",600
232,233,18000,"settings/itemflav/pack/cosmetic_rare.rpak",1
0,0,0,"settings/itemflav/grx_currency/credits.rpak",600
233,234,18000,"settings/itemflav/grx_currency/credits.rpak",600
234,235,18000,"settings/itemflav/pack/cosmetic_rare.rpak",1
0,0,0,"settings/itemflav/grx_currency/credits.rpak",600
235,236,18000,"settings/itemflav/grx_currency/credits.rpak",600
236,237,18000,"settings/itemflav/pack/cosmetic_rare.rpak",1
0,0,0,"settings/itemflav/grx_currency/credits.rpak",600
237,238,18000,"settings/itemflav/grx_currency/credits.rpak",600
238,239,18000,"settings/itemflav/pack/cosmetic_rare.rpak",1
0,0,0,"settings/itemflav/grx_currency/credits.rpak",600
239,240,18000,"settings/itemflav/grx_currency/credits.rpak",600
240,241,18000,"settings/itemflav/pack/cosmetic_rare.rpak",1
0,0,0,"settings/itemflav/grx_currency/credits.rpak",600
241,242,18000,"settings/itemflav/grx_currency/credits.rpak",600
242,243,18000,"settings/itemflav/pack/cosmetic_rare.rpak",1
0,0,0,"settings/itemflav/grx_currency/credits.rpak",600
243,244,18000,"settings/itemflav/grx_currency/credits.rpak",600
244,245,18000,"settings/itemflav/pack/cosmetic_rare.rpak",1
0,0,0,"settings/itemflav/grx_currency/credits.rpak",600
245,246,18000,"settings/itemflav/grx_currency/credits.rpak",600
246,247,18000,"settings/itemflav/pack/cosmetic_rare.rpak",1
0,0,0,"settings/itemflav/grx_currency/credits.rpak",600
247,248,18000,"settings/itemflav/grx_currency/credits.rpak",600
248,249,18000,"settings/itemflav/pack/cosmetic_rare.rpak",1
0,0,0,"settings/itemflav/grx_currency/credits.rpak",600
249,250,18000,"settings/itemflav/grx_currency/credits.rpak",600
250,251,18000,"settings/itemflav/pack/cosmetic_rare.rpak",1
0,0,0,"settings/itemflav/grx_currency/credits.rpak",600
251,252,18000,"settings/itemflav/grx_currency/credits.rpak",600
252,253,18000,"settings/itemflav/pack/cosmetic_rare.rpak",1
0,0,0,"settings/itemflav/grx_currency/credits.rpak",600
253,254,18000,"settings/itemflav/grx_currency/credits.rpak",600
254,255,18000,"settings/itemflav/pack/cosmetic_rare.rpak",1
0,0,0,"settings/itemflav/grx_currency/credits.rpak",600
255,256,18000,"settings/itemflav/grx_currency/credits.rpak",600
256,257,18000,"settings/itemflav/pack/cosmetic_rare.rpak",1
0,0,0,"settings/itemflav/grx_currency/credits.rpak",600
257,258,18000,"settings/itemflav/grx_currency/credits.rpak",600
258,259,18000,"settings/itemflav/pack/cosmetic_rare.rpak",1
0,0,0,"settings/itemflav/grx_currency/credits.rpak",600
259,260,18000,"settings/itemflav/grx_currency/credits.rpak",600
260,261,18000,"settings/itemflav/pack/cosmetic_rare.rpak",1
0,0,0,"settings/itemflav/grx_currency/credits.rpak",600
261,262,18000,"settings/itemflav/grx_currency/credits.rpak",600
262,263,18000,"settings/itemflav/pack/cosmetic_rare.rpak",1
0,0,0,"settings/itemflav/grx_currency/credits.rpak",600
263,264,18000,"settings/itemflav/grx_currency/credits.rpak",600
264,265,18000,"settings/itemflav/pack/cosmetic_rare.rpak",1
0,0,0,"settings/itemflav/grx_currency/credits.rpak",600
265,266,18000,"settings/itemflav/grx_currency/credits.rpak",600
266,267,18000,"settings/itemflav/pack/cosmetic_rare.rpak",1
0,0,0,"settings/itemflav/grx_currency/credits.rpak",600
267,268,18000,"settings/itemflav/grx_currency/credits.rpak",600
268,269,18000,"settings/itemflav/pack/cosmetic_rare.rpak",1
0,0,0,"settings/itemflav/grx_currency/credits.rpak",600
269,270,18000,"settings/itemflav/grx_currency/credits.rpak",600
270,271,18000,"settings/itemflav/pack/cosmetic_rare.rpak",1
0,0,0,"settings/itemflav/grx_currency/credits.rpak",600
271,272,18000,"settings/itemflav/grx_currency/credits.rpak",600
272,273,18000,"settings/itemflav/pack/cosmetic_rare.rpak",1
0,0,0,"settings/itemflav/grx_currency/credits.rpak",600
273,274,18000,"settings/itemflav/grx_currency/credits.rpak",600
274,275,18000,"settings/itemflav/pack/cosmetic_rare.rpak",1
0,0,0,"settings/itemflav/grx_currency/credits.rpak",600
275,276,18000,"settings/itemflav/grx_currency/credits.rpak",600
276,277,18000,"settings/itemflav/pack/cosmetic_rare.rpak",1
0,0,0,"settings/itemflav/grx_currency/credits.rpak",600
277,278,18000,"settings/itemflav/grx_currency/credits.rpak",600
278,279,18000,"settings/itemflav/pack/cosmetic_rare.rpak",1
0,0,0,"settings/itemflav/grx_currency/credits.rpak",600
279,280,18000,"settings/itemflav/grx_currency/credits.rpak",600
280,281,18000,"settings/itemflav/pack/cosmetic_rare.rpak",1
0,0,0,"settings/itemflav/grx_currency/credits.rpak",600
281,282,18000,"settings/itemflav/grx_currency/credits.rpak",600
282,283,18000,"settings/itemflav/pack/cosmetic_rare.rpak",1
0,0,0,"settings/itemflav/grx_currency/credits.rpak",600
283,284,18000,"settings/itemflav/grx_currency/credits.rpak",600
284,285,18000,"settings/itemflav/pack/cosmetic_rare.rpak",1
0,0,0,"settings/itemflav/grx_currency/credits.rpak",600
285,286,18000,"settings/itemflav/grx_currency/credits.rpak",600
286,287,18000,"settings/itemflav/pack/cosmetic_rare.rpak",1
0,0,0,"settings/itemflav/grx_currency/credits.rpak",600
287,288,18000,"settings/itemflav/grx_currency/credits.rpak",600
288,289,18000,"settings/itemflav/pack/cosmetic_rare.rpak",1
0,0,0,"settings/itemflav/grx_currency/credits.rpak",600
289,290,18000,"settings/itemflav/grx_currency/credits.rpak",600
290,291,18000,"settings/itemflav/pack/cosmetic_rare.rpak",1
0,0,0,"settings/itemflav/grx_currency/credits.rpak",600
291,292,18000,"settings/itemflav/grx_currency/credits.rpak",600
292,293,18000,"settings/itemflav/pack/cosmetic_rare.rpak",1
0,0,0,"settings/itemflav/grx_currency/credits.rpak",600
293,294,18000,"settings/itemflav/grx_currency/credits.rpak",600
294,295,18000,"settings/itemflav/pack/cosmetic_rare.rpak",1
0,0,0,"settings/itemflav/grx_currency/credits.rpak",600
295,296,18000,"settings/itemflav/grx_currency/credits.rpak",600
296,297,18000,"settings/itemflav/pack/cosmetic_rare.rpak",1
0,0,0,"settings/itemflav/grx_currency/credits.rpak",600
297,298,18000,"settings/itemflav/grx_currency/credits.rpak",600
298,299,18000,"settings/itemflav/pack/cosmetic_rare.rpak",1
0,0,0,"settings/itemflav/grx_currency/credits.rpak",600
0,0,0,"settings/itemflav/weapon_charm/charm_apex_mode_v20_br_ranklevel_300v01.rpak",1
299,300,18000,"settings/itemflav/grx_currency/credits.rpak",600
300,301,18000,"settings/itemflav/grx_currency/credits.rpak",600
301,302,18000,"settings/itemflav/grx_currency/credits.rpak",600
302,303,18000,"settings/itemflav/grx_currency/credits.rpak",600
303,304,18000,"settings/itemflav/pack/cosmetic_rare.rpak",1
0,0,0,"settings/itemflav/grx_currency/credits.rpak",600
304,305,18000,"settings/itemflav/grx_currency/credits.rpak",600
305,306,18000,"settings/itemflav/grx_currency/credits.rpak",600
306,307,18000,"settings/itemflav/grx_currency/credits.rpak",600
307,308,18000,"settings/itemflav/grx_currency/credits.rpak",600
308,309,18000,"settings/itemflav/pack/cosmetic_rare.rpak",1
0,0,0,"settings/itemflav/grx_currency/credits.rpak",600
309,310,18000,"settings/itemflav/grx_currency/credits.rpak",600
310,311,18000,"settings/itemflav/grx_currency/credits.rpak",600
311,312,18000,"settings/itemflav/grx_currency/credits.rpak",600
312,313,18000,"settings/itemflav/grx_currency/credits.rpak",600
313,314,18000,"settings/itemflav/pack/cosmetic_rare.rpak",1
0,0,0,"settings/itemflav/grx_currency/credits.rpak",600
314,315,18000,"settings/itemflav/grx_currency/credits.rpak",600
315,316,18000,"settings/itemflav/grx_currency/credits.rpak",600
316,317,18000,"settings/itemflav/grx_currency/credits.rpak",600
317,318,18000,"settings/itemflav/grx_currency/credits.rpak",600
318,319,18000,"settings/itemflav/pack/cosmetic_rare.rpak",1
0,0,0,"settings/itemflav/grx_currency/credits.rpak",600
319,320,18000,"settings/itemflav/grx_currency/credits.rpak",600
320,321,18000,"settings/itemflav/grx_currency/credits.rpak",600
321,322,18000,"settings/itemflav/grx_currency/credits.rpak",600
322,323,18000,"settings/itemflav/grx_currency/credits.rpak",600
323,324,18000,"settings/itemflav/pack/cosmetic_rare.rpak",1
0,0,0,"settings/itemflav/grx_currency/credits.rpak",600
324,325,18000,"settings/itemflav/grx_currency/credits.rpak",600
325,326,18000,"settings/itemflav/grx_currency/credits.rpak",600
326,327,18000,"settings/itemflav/grx_currency/credits.rpak",600
327,328,18000,"settings/itemflav/grx_currency/credits.rpak",600
328,329,18000,"settings/itemflav/pack/cosmetic_rare.rpak",1
0,0,0,"settings/itemflav/grx_currency/credits.rpak",600
329,330,18000,"settings/itemflav/grx_currency/credits.rpak",600
330,331,18000,"settings/itemflav/grx_currency/credits.rpak",600
331,332,18000,"settings/itemflav/grx_currency/credits.rpak",600
332,333,18000,"settings/itemflav/grx_currency/credits.rpak",600
333,334,18000,"settings/itemflav/pack/cosmetic_rare.rpak",1
0,0,0,"settings/itemflav/grx_currency/credits.rpak",600
334,335,18000,"settings/itemflav/grx_currency/credits.rpak",600
335,336,18000,"settings/itemflav/grx_currency/credits.rpak",600
336,337,18000,"settings/itemflav/grx_currency/credits.rpak",600
337,338,18000,"settings/itemflav/grx_currency/credits.rpak",600
338,339,18000,"settings/itemflav/pack/cosmetic_rare.rpak",1
0,0,0,"settings/itemflav/grx_currency/credits.rpak",600
339,340,18000,"settings/itemflav/grx_currency/credits.rpak",600
340,341,18000,"settings/itemflav/grx_currency/credits.rpak",600
341,342,18000,"settings/itemflav/grx_currency/credits.rpak",600
342,343,18000,"settings/itemflav/grx_currency/credits.rpak",600
343,344,18000,"settings/itemflav/pack/cosmetic_rare.rpak",1
0,0,0,"settings/itemflav/grx_currency/credits.rpak",600
344,345,18000,"settings/itemflav/grx_currency/credits.rpak",600
345,346,18000,"settings/itemflav/grx_currency/credits.rpak",600
346,347,18000,"settings/itemflav/grx_currency/credits.rpak",600
347,348,18000,"settings/itemflav/grx_currency/credits.rpak",600
348,349,18000,"settings/itemflav/pack/cosmetic_rare.rpak",1
0,0,0,"settings/itemflav/grx_currency/credits.rpak",600
349,350,18000,"settings/itemflav/grx_currency/credits.rpak",600
350,351,18000,"settings/itemflav/grx_currency/credits.rpak",600
351,352,18000,"settings/itemflav/grx_currency/credits.rpak",600
352,353,18000,"settings/itemflav/grx_currency/credits.rpak",600
353,354,18000,"settings/itemflav/pack/cosmetic_rare.rpak",1
0,0,0,"settings/itemflav/grx_currency/credits.rpak",600
354,355,18000,"settings/itemflav/grx_currency/credits.rpak",600
355,356,18000,"settings/itemflav/grx_currency/credits.rpak",600
356,357,18000,"settings/itemflav/grx_currency/credits.rpak",600
357,358,18000,"settings/itemflav/grx_currency/credits.rpak",600
358,359,18000,"settings/itemflav/pack/cosmetic_rare.rpak",1
0,0,0,"settings/itemflav/grx_currency/credits.rpak",600
359,360,18000,"settings/itemflav/grx_currency/credits.rpak",600
360,361,18000,"settings/itemflav/grx_currency/credits.rpak",600
361,362,18000,"settings/itemflav/grx_currency/credits.rpak",600
362,363,18000,"settings/itemflav/grx_currency/credits.rpak",600
363,364,18000,"settings/itemflav/pack/cosmetic_rare.rpak",1
0,0,0,"settings/itemflav/grx_currency/credits.rpak",600
364,365,18000,"settings/itemflav/grx_currency/credits.rpak",600
365,366,18000,"settings/itemflav/grx_currency/credits.rpak",600
366,367,18000,"settings/itemflav/grx_currency/credits.rpak",600
367,368,18000,"settings/itemflav/grx_currency/credits.rpak",600
368,369,18000,"settings/itemflav/pack/cosmetic_rare.rpak",1
0,0,0,"settings/itemflav/grx_currency/credits.rpak",600
369,370,18000,"settings/itemflav/grx_currency/credits.rpak",600
370,371,18000,"settings/itemflav/grx_currency/credits.rpak",600
371,372,18000,"settings/itemflav/grx_currency/credits.rpak",600
372,373,18000,"settings/itemflav/grx_currency/credits.rpak",600
373,374,18000,"settings/itemflav/pack/cosmetic_rare.rpak",1
0,0,0,"settings/itemflav/grx_currency/credits.rpak",600
374,375,18000,"settings/itemflav/grx_currency/credits.rpak",600
375,376,18000,"settings/itemflav/grx_currency/credits.rpak",600
376,377,18000,"settings/itemflav/grx_currency/credits.rpak",600
377,378,18000,"settings/itemflav/grx_currency/credits.rpak",600
378,379,18000,"settings/itemflav/pack/cosmetic_rare.rpak",1
0,0,0,"settings/itemflav/grx_currency/credits.rpak",600
379,380,18000,"settings/itemflav/grx_currency/credits.rpak",600
380,381,18000,"settings/itemflav/grx_currency/credits.rpak",600
381,382,18000,"settings/itemflav/grx_currency/credits.rpak",600
382,383,18000,"settings/itemflav/grx_currency/credits.rpak",600
383,384,18000,"settings/itemflav/pack/cosmetic_rare.rpak",1
0,0,0,"settings/itemflav/grx_currency/credits.rpak",600
384,385,18000,"settings/itemflav/grx_currency/credits.rpak",600
385,386,18000,"settings/itemflav/grx_currency/credits.rpak",600
386,387,18000,"settings/itemflav/grx_currency/credits.rpak",600
387,388,18000,"settings/itemflav/grx_currency/credits.rpak",600
388,389,18000,"settings/itemflav/pack/cosmetic_rare.rpak",1
0,0,0,"settings/itemflav/grx_currency/credits.rpak",600
389,390,18000,"settings/itemflav/grx_currency/credits.rpak",600
390,391,18000,"settings/itemflav/grx_currency/credits.rpak",600
391,392,18000,"settings/itemflav/grx_currency/credits.rpak",600
392,393,18000,"settings/itemflav/grx_currency/credits.rpak",600
393,394,18000,"settings/itemflav/pack/cosmetic_rare.rpak",1
0,0,0,"settings/itemflav/grx_currency/credits.rpak",600
394,395,18000,"settings/itemflav/grx_currency/credits.rpak",600
395,396,18000,"settings/itemflav/grx_currency/credits.rpak",600
396,397,18000,"settings/itemflav/grx_currency/credits.rpak",600
397,398,18000,"settings/itemflav/grx_currency/credits.rpak",600
398,399,18000,"settings/itemflav/pack/cosmetic_rare.rpak",1
0,0,0,"settings/itemflav/grx_currency/credits.rpak",600
0,0,0,"settings/itemflav/weapon_charm/charm_apex_mode_v20_br_ranklevel_400v01.rpak",1
399,400,18000,"settings/itemflav/grx_currency/credits.rpak",600
400,401,18000,"settings/itemflav/grx_currency/credits.rpak",600
401,402,18000,"settings/itemflav/grx_currency/credits.rpak",600
402,403,18000,"settings/itemflav/grx_currency/credits.rpak",600
403,404,18000,"settings/itemflav/pack/cosmetic_rare.rpak",1
0,0,0,"settings/itemflav/grx_currency/credits.rpak",600
404,405,18000,"settings/itemflav/grx_currency/credits.rpak",600
405,406,18000,"settings/itemflav/grx_currency/credits.rpak",600
406,407,18000,"settings/itemflav/grx_currency/credits.rpak",600
407,408,18000,"settings/itemflav/grx_currency/credits.rpak",600
408,409,18000,"settings/itemflav/pack/cosmetic_rare.rpak",1
0,0,0,"settings/itemflav/grx_currency/credits.rpak",600
409,410,18000,"settings/itemflav/grx_currency/credits.rpak",600
410,411,18000,"settings/itemflav/grx_currency/credits.rpak",600
411,412,18000,"settings/itemflav/grx_currency/credits.rpak",600
412,413,18000,"settings/itemflav/grx_currency/credits.rpak",600
413,414,18000,"settings/itemflav/pack/cosmetic_rare.rpak",1
0,0,0,"settings/itemflav/grx_currency/credits.rpak",600
414,415,18000,"settings/itemflav/grx_currency/credits.rpak",600
415,416,18000,"settings/itemflav/grx_currency/credits.rpak",600
416,417,18000,"settings/itemflav/grx_currency/credits.rpak",600
417,418,18000,"settings/itemflav/grx_currency/credits.rpak",600
418,419,18000,"settings/itemflav/pack/cosmetic_rare.rpak",1
0,0,0,"settings/itemflav/grx_currency/credits.rpak",600
419,420,18000,"settings/itemflav/grx_currency/credits.rpak",600
420,421,18000,"settings/itemflav/grx_currency/credits.rpak",600
421,422,18000,"settings/itemflav/grx_currency/credits.rpak",600
422,423,18000,"settings/itemflav/grx_currency/credits.rpak",600
423,424,18000,"settings/itemflav/pack/cosmetic_rare.rpak",1
0,0,0,"settings/itemflav/grx_currency/credits.rpak",600
424,425,18000,"settings/itemflav/grx_currency/credits.rpak",600
425,426,18000,"settings/itemflav/grx_currency/credits.rpak",600
426,427,18000,"settings/itemflav/grx_currency/credits.rpak",600
427,428,18000,"settings/itemflav/grx_currency/credits.rpak",600
428,429,18000,"settings/itemflav/pack/cosmetic_rare.rpak",1
0,0,0,"settings/itemflav/grx_currency/credits.rpak",600
429,430,18000,"settings/itemflav/grx_currency/credits.rpak",600
430,431,18000,"settings/itemflav/grx_currency/credits.rpak",600
431,432,18000,"settings/itemflav/grx_currency/credits.rpak",600
432,433,18000,"settings/itemflav/grx_currency/credits.rpak",600
433,434,18000,"settings/itemflav/pack/cosmetic_rare.rpak",1
0,0,0,"settings/itemflav/grx_currency/credits.rpak",600
434,435,18000,"settings/itemflav/grx_currency/credits.rpak",600
435,436,18000,"settings/itemflav/grx_currency/credits.rpak",600
436,437,18000,"settings/itemflav/grx_currency/credits.rpak",600
437,438,18000,"settings/itemflav/grx_currency/credits.rpak",600
438,439,18000,"settings/itemflav/pack/cosmetic_rare.rpak",1
0,0,0,"settings/itemflav/grx_currency/credits.rpak",600
439,440,18000,"settings/itemflav/grx_currency/credits.rpak",600
440,441,18000,"settings/itemflav/grx_currency/credits.rpak",600
441,442,18000,"settings/itemflav/grx_currency/credits.rpak",600
442,443,18000,"settings/itemflav/grx_currency/credits.rpak",600
443,444,18000,"settings/itemflav/pack/cosmetic_rare.rpak",1
0,0,0,"settings/itemflav/grx_currency/credits.rpak",600
444,445,18000,"settings/itemflav/grx_currency/credits.rpak",600
445,446,18000,"settings/itemflav/grx_currency/credits.rpak",600
446,447,18000,"settings/itemflav/grx_currency/credits.rpak",600
447,448,18000,"settings/itemflav/grx_currency/credits.rpak",600
448,449,18000,"settings/itemflav/pack/cosmetic_rare.rpak",1
0,0,0,"settings/itemflav/grx_currency/credits.rpak",600
449,450,18000,"settings/itemflav/grx_currency/credits.rpak",600
450,451,18000,"settings/itemflav/grx_currency/credits.rpak",600
451,452,18000,"settings/itemflav/grx_currency/credits.rpak",600
452,453,18000,"settings/itemflav/grx_currency/credits.rpak",600
453,454,18000,"settings/itemflav/pack/cosmetic_rare.rpak",1
0,0,0,"settings/itemflav/grx_currency/credits.rpak",600
454,455,18000,"settings/itemflav/grx_currency/credits.rpak",600
455,456,18000,"settings/itemflav/grx_currency/credits.rpak",600
456,457,18000,"settings/itemflav/grx_currency/credits.rpak",600
457,458,18000,"settings/itemflav/grx_currency/credits.rpak",600
458,459,18000,"settings/itemflav/pack/cosmetic_rare.rpak",1
0,0,0,"settings/itemflav/grx_currency/credits.rpak",600
459,460,18000,"settings/itemflav/grx_currency/credits.rpak",600
460,461,18000,"settings/itemflav/grx_currency/credits.rpak",600
461,462,18000,"settings/itemflav/grx_currency/credits.rpak",600
462,463,18000,"settings/itemflav/grx_currency/credits.rpak",600
463,464,18000,"settings/itemflav/pack/cosmetic_rare.rpak",1
0,0,0,"settings/itemflav/grx_currency/credits.rpak",600
464,465,18000,"settings/itemflav/grx_currency/credits.rpak",600
465,466,18000,"settings/itemflav/grx_currency/credits.rpak",600
466,467,18000,"settings/itemflav/grx_currency/credits.rpak",600
467,468,18000,"settings/itemflav/grx_currency/credits.rpak",600
468,469,18000,"settings/itemflav/pack/cosmetic_rare.rpak",1
0,0,0,"settings/itemflav/grx_currency/credits.rpak",600
469,470,18000,"settings/itemflav/grx_currency/credits.rpak",600
470,471,18000,"settings/itemflav/grx_currency/credits.rpak",600
471,472,18000,"settings/itemflav/grx_currency/credits.rpak",600
472,473,18000,"settings/itemflav/grx_currency/credits.rpak",600
473,474,18000,"settings/itemflav/pack/cosmetic_rare.rpak",1
0,0,0,"settings/itemflav/grx_currency/credits.rpak",600
474,475,18000,"settings/itemflav/grx_currency/credits.rpak",600
475,476,18000,"settings/itemflav/grx_currency/credits.rpak",600
476,477,18000,"settings/itemflav/grx_currency/credits.rpak",600
477,478,18000,"settings/itemflav/grx_currency/credits.rpak",600
478,479,18000,"settings/itemflav/grx_currency/credits.rpak",600
479,480,18000,"settings/itemflav/pack/cosmetic_rare.rpak",1
0,0,0,"settings/itemflav/grx_currency/credits.rpak",600
480,481,18000,"settings/itemflav/grx_currency/credits.rpak",600
481,482,18000,"settings/itemflav/grx_currency/credits.rpak",600
482,483,18000,"settings/itemflav/grx_currency/credits.rpak",600
483,484,18000,"settings/itemflav/pack/cosmetic_rare.rpak",1
0,0,0,"settings/itemflav/grx_currency/credits.rpak",600
484,485,18000,"settings/itemflav/grx_currency/credits.rpak",600
485,486,18000,"settings/itemflav/grx_currency/credits.rpak",600
486,487,18000,"settings/itemflav/grx_currency/credits.rpak",600
487,488,18000,"settings/itemflav/grx_currency/credits.rpak",600
488,489,18000,"settings/itemflav/pack/cosmetic_rare.rpak",1
0,0,0,"settings/itemflav/grx_currency/credits.rpak",600
489,490,18000,"settings/itemflav/grx_currency/credits.rpak",600
490,491,18000,"settings/itemflav/grx_currency/credits.rpak",600
491,492,18000,"settings/itemflav/grx_currency/credits.rpak",600
492,493,18000,"settings/itemflav/grx_currency/credits.rpak",600
493,494,18000,"settings/itemflav/pack/cosmetic_rare.rpak",1
0,0,0,"settings/itemflav/grx_currency/credits.rpak",600
494,495,18000,"settings/itemflav/grx_currency/credits.rpak",600
495,496,18000,"settings/itemflav/grx_currency/credits.rpak",600
496,497,18000,"settings/itemflav/grx_currency/credits.rpak",600
497,498,18000,"settings/itemflav/grx_currency/credits.rpak",600
498,499,18000,"settings/itemflav/pack/cosmetic_rare.rpak",1
0,0,0,"settings/itemflav/grx_currency/credits.rpak",600
0,0,0,"settings/itemflav/weapon_charm/charm_apex_mode_v20_br_ranklevel_500v01.rpak",1
499,500,18000,"settings/itemflav/grx_currency/credits.rpak",600
"int","int","int","asset","int"