"name","voice","condPlayer","condMap","alias","alwaysPlay","requireAddressee","dialogue"
"","","","","// _bc_ aliases below must match miles events",false,false,""
"","","","","//_ping_ aliases below don't need to match (reference only) and no blank lines are allowed",false,false,""
"//bc_nextCircleFar   (disabled post se5)","caustic","wattson","","diag_mp_caustic_bc_nextCircleFar_condWattson_%perspective%",false,false,""
"//bc_reviveThanks (disabled for 9.0)","caustic","wattson","","diag_mp_caustic_bc_reviveThanks_condWattson_%perspective%",true,false,""
"//bc_revivingPlayer (disabled for 9.0)","caustic","wattson","","diag_mp_caustic_bc_revivingPlayer_condWattson_%perspective%",true,false,""
"//ping_fenceNeutral (disabled as of 7.2)","caustic","wattson","","diag_mp_caustic_ping_fenceNeutral_condWattson",true,false,""
"//ping_thanks  (disabled for 8.0)","caustic","wattson","","diag_mp_caustic_ping_thanks_condWattson",false,false,""
"//ping_thanks  (disabled for 8.0)","caustic","revenant","","diag_mp_caustic_ping_thanks_condRevenant",false,false,""
"//ping_youreWelcome  (disabled for 8.0)","caustic","revenant","","diag_mp_caustic_ping_youreWelcome_calm_condRevenant",true,false,""
"","","","","",false,false,""
"//bc_frag   (disabled 13.0)","lifeline","octane","","diag_mp_lifeline_bc_frag_condOctane_%perspective%",false,false,""
"bc_revivingPlayer","lifeline","octane","","diag_mp_lifeline_bc_revivingPlayer_condOctane_%perspective%",true,false,""
"//bc_twoSquaddiesLeft   (disabled 13.0)","lifeline","octane","","diag_mp_lifeline_bc_twoSquaddiesLeft_condOctane_%perspective%",false,false,""
"//ping_iWillJoin   (disabled 13.0)","lifeline","octane","","diag_mp_lifeline_ping_iWillJoin_calm_condOctane",false,false,""
"//ping_jumpPad   (disabled 13.0)","lifeline","octane","","diag_mp_lifeline_ping_jumpPad_calm_condOctane",false,false,""
"//ping_markerYes   (disabled 13.0)","lifeline","octane","","diag_mp_lifeline_ping_markerYes_calm_condOctane",true,false,""
"//ping_markerWait   (disabled 13.0)","lifeline","octane","","diag_mp_lifeline_ping_markerWait_calm_condOctane",true,false,""
"ping_markerNo","lifeline","octane","","diag_mp_lifeline_ping_markerNo_calm_condOctane",true,false,""
"ping_youreWelcome","lifeline","revenant","","diag_mp_lifeline_ping_youreWelcome_calm_condRevenant",true,false,""
"","","","","",false,false,""
"bc_cargoBotDamaged","mirage","pathfinder","","diag_mp_mirage_bc_cargoBotDamaged_condPathfinder_%perspective%",false,false,""
"//bc_objectiveLostSquad (disabled as of 6.1)","mirage","pathfinder","","diag_mp_mirage_bc_objectiveLostSquad_condPathfinder_%perspective%",false,false,""
"//bc_reviveThanks  (disabled as of 6.1)","mirage","pathfinder","","diag_mp_mirage_bc_reviveThanks_condPathfinder_%perspective%",true,false,""
"//bc_squadmateBecomesKillLeader    (disabled as of 6.0)","mirage","pathfinder","","diag_mp_mirage_bc_squadmateBecomesKillLeader_condPathfinder_%perspective%",false,true,""
"bc_reviveThanks","mirage","crypto","","diag_mp_mirage_bc_reviveThanks_condCrypto_%perspective%",true,false,""
"bc_droppingCarePack","mirage","crypto","","diag_mp_mirage_bc_droppingCarePack_condCrypto_%perspective%",false,false,""
"bc_iBecomeKillLeader","mirage","crypto","","diag_mp_mirage_bc_iBecomeKillLeader_condCrypto_%perspective%",false,false,""
"bc_revivingPlayer","mirage","crypto","","diag_mp_mirage_bc_revivingPlayer_condCrypto_%perspective%",true,false,""
"//ping_surveyBeacon (disabled as of 7.0)","mirage","pathfinder","","diag_mp_mirage_ping_surveyBeacon_calm_condPathfinder",false,false,""
"ping_exploreGoPlayer","mirage","crypto","","diag_mp_mirage_ping_exploreGoPlayer_condCrypto_calm",false,false,""
"ping_markerYes","mirage","crypto","","diag_mp_mirage_ping_markerYes_condCrypto_calm",true,false,""
"ping_markerWait","mirage","crypto","","diag_mp_mirage_ping_markerWait_condCrypto_calm",true,false,""
"ping_markerNo","mirage","crypto","","diag_mp_mirage_ping_markerNo_condCrypto_calm",true,false,""
"ping_youreWelcome","mirage","revenant","","diag_mp_mirage_ping_youreWelcome_calm_condRevenant",true,false,""
"","","","","",false,false,""
"//bc_healing   (disabled 13.0)","octane","lifeline","","diag_mp_octane_bc_healing_condLifeline_%perspective%",false,false,""
"//bc_iBecomeKillLeader   (disabled 13.0)","octane","lifeline","","diag_mp_octane_bc_iBecomeKillLeader_condLifeline_%perspective%",true,false,""
"bc_reviveThanks","octane","lifeline","","diag_mp_octane_bc_reviveThanks_condLifeline_%perspective%",true,false,""
"//bc_squadmateBecomesKillLeader   (disabled 13.0)","octane","lifeline","","diag_mp_octane_bc_squadmateBecomesKillLeader_condLifeline_%perspective%",false,true,""
"//bc_twoSquaddiesLeft   (disabled 13.0)","octane","lifeline","","diag_mp_octane_bc_twoSquaddiesLeft_condLifeline_%perspective%",false,false,""
"//ping_foundAccelerant   (disabled 13.0)","octane","lifeline","","diag_mp_octane_ping_foundAccelerant_calm_condLifeline",false,false,""
"//ping_iWillJoin   (disabled 13.0)","octane","lifeline","","diag_mp_octane_ping_iWillJoin_calm_condLifeline",false,false,""
"//ping_supplyBinExtended   (disabled 13.0)","octane","lifeline","","diag_mp_octane_ping_supplyBinExtended_calm_condLifeline",false,false,""
"//ping_markerWantThat   (disabled 13.0)","octane","lifeline","","diag_mp_octane_ping_markerWantThat_calm_condLifeline",false,false,""
"//ping_markerYes   (disabled 13.0)","octane","lifeline","","diag_mp_octane_ping_markerYes_calm_condLifeline",true,false,""
"//ping_markerWait   (disabled 13.0)","octane","lifeline","","diag_mp_octane_ping_markerWait_calm_condLifeline",true,false,""
"//ping_markerNo   (disabled 13.0)","octane","lifeline","","diag_mp_octane_ping_markerNo_calm_condLifeline",true,false,""
"ping_youreWelcome","octane","revenant","","diag_mp_octane_ping_youreWelcome_calm_condRevenant",true,false,""
"","","","","",false,false,""
"//bc_podLeaderLaunch   (disabled post se5)","pathfinder","mirage","","diag_mp_pathfinder_bc_podLeaderLaunch_condMirage_%perspective%",false,false,""
"ping_thanks","pathfinder","revenant","","diag_mp_pathfinder_ping_thanks_condRevenant",true,false,""
"","","","","",false,false,""
"bc_reviveThanks","revenant","loba","","diag_mp_revenant_bc_reviveThanks_condLoba_%perspective%",true,false,""
"bc_revivingPlayer","revenant","loba","","diag_mp_revenant_bc_revivingPlayer_condLoba_%perspective%",true,false,""
"bc_squadmateBecomesKillLeader","revenant","loba","","diag_mp_revenant_bc_squadmateBecomesKillLeader_condLoba_%perspective%",true,true,""
"bc_twoSquaddiesLeft","revenant","loba","","diag_mp_revenant_bc_twoSquaddiesLeft_condLoba_%perspective%",true,false,""
"ping_blackMarketNeutral","revenant","loba","","diag_mp_revenant_ping_blackMarketNeutral_calmFar_condLoba",true,false,""
"ping_thanks","revenant","loba","","diag_mp_revenant_ping_thanks_condLoba",true,false,""
"ping_youreWelcome","revenant","loba","","diag_mp_revenant_ping_youreWelcome_calm_condLoba",true,false,""
"//ping_youreWelcome   (disabled 13.0)","revenant","bangalore","","diag_mp_revenant_ping_youreWelcome_calm_condBangalore",true,false,""
"//ping_youreWelcome  (disabled for 8.0)","revenant","caustic","","diag_mp_revenant_ping_youreWelcome_calm_condCaustic",true,false,""
"","","","","",false,false,""
"//bc_reviveThanks   (disabled for 9.0)","wattson","caustic","","diag_mp_wattson_bc_reviveThanks_condCaustic_%perspective%",true,false,""
"//bc_revivingPlayer  (disabled for 9.0)","wattson","caustic","","diag_mp_wattson_bc_revivingPlayer_condCaustic_%perspective%",true,false,""
"//bc_twoSquaddiesLeft   (disabled for 10.1)","wattson","caustic","","diag_mp_wattson_bc_twoSquaddiesLeft_condCaustic_%perspective%",true,false,""
"//ping_friendlyTrap   (disabled post se5)","wattson","caustic","","diag_mp_wattson_ping_friendlyTrap_condCaustic",true,false,""
"","","","","",false,false,""
"bc_loba_black_market_friendly_took_loot_calm","loba","revenant","","diag_mp_loba_bc_blackMarketSquadLoot_condRevenant_%perspective%",true,true,""
"","","","","",false,false,""
"ping_spotShadow","loba","revenant","","diag_mp_loba_ping_spotShadow_calmFar_condRevenant_%perspective%",true,false,""
"bc_congratsKill","loba","revenant","","diag_mp_loba_bc_congratsKill_condRevenant_%perspective%",true,true,""
"bc_reviveThanks","loba","revenant","","diag_mp_loba_bc_reviveThanks_condRevenant_%perspective%",true,false,""
"bc_revivingPlayer","loba","revenant","","diag_mp_loba_bc_revivingPlayer_condRevenant_%perspective%",true,false,""
"bc_squadmateBecomesKillLeader","loba","revenant","","diag_mp_loba_bc_squadmateBecomesKillLeader_condRevenant_%perspective%",true,true,""
"bc_twoSquaddiesLeft","loba","revenant","","diag_mp_loba_bc_twoSquaddiesLeft_condRevenant_%perspective%",true,false,""
"bc_droppingCarePack","loba","revenant","","diag_mp_loba_bc_droppingCarePack_condRevenant_%perspective%",true,false,""
"bc_nextCircleFar","loba","revenant","","diag_mp_loba_bc_nextCircleFar_condRevenant_%perspective%",true,false,""
"bc_weTookFirstBlood","loba","revenant","","diag_mp_loba_bc_weTookFirstBlood_condRevenant_%perspective%",true,false,""
"bc_super","loba","revenant","","diag_mp_loba_bc_super_condRevenant_%perspective%",true,false,""
"bc_scatteredNag","loba","revenant","","diag_mp_loba_bc_scatteredNag_condRevenant_%perspective%",true,false,""
"bc_imJumpmaster","loba","revenant","","diag_mp_loba_bc_imJumpmaster_condRevenant_%perspective%",true,false,""
"","","","","",false,false,""
"ping_iWillJoin","loba","revenant","","diag_mp_loba_ping_iWillJoin_condRevenant",true,false,""
"ping_markerComingToHelp","loba","revenant","","diag_mp_loba_ping_markerComingToHelp_calm_condRevenant",true,false,""
"ping_thanks","loba","revenant","","diag_mp_loba_ping_thanks_condRevenant",true,false,""
"ping_youreWelcome","loba","revenant","","diag_mp_loba_ping_youreWelcome_calm_condRevenant",true,false,""
"ping_markerYes","loba","revenant","","diag_mp_loba_ping_markerYes_calm_condRevenant",true,false,""
"ping_markerWait","loba","revenant","","diag_mp_loba_ping_markerWait_calm_condRevenant",true,false,""
"ping_markerNo","loba","revenant","","diag_mp_loba_ping_markerNo_calm_condRevenant",true,false,""
"//ping_youreWelcome   (disabled 14.0)","loba","bangalore","","diag_mp_loba_ping_youreWelcome_calm_condBangalore",true,false,""
"//ping_youreWelcome   (disabled post se5)","loba","wraith","","diag_mp_loba_ping_youreWelcome_calm_condWraith",false,false,""
"//ping_youreWelcome   (disabled post se5)","loba","crypto","","diag_mp_loba_ping_youreWelcome_calm_condCrypto",false,false,""
"//ping_youreWelcome   (disabled post se5)","loba","pathfinder","","diag_mp_loba_ping_youreWelcome_calm_condPathfinder",true,false,""
"//ping_thanks   (disabled post se5)","loba","pathfinder","","diag_mp_loba_ping_thanks_condPathfinder",true,false,""
"ping_typeLevel4","loba","revenant","","diag_mp_loba_ping_typeLevel4_calm_condRevenant",true,false,""
"ping_lootingHere","loba","revenant","","diag_mp_loba_ping_lootingHere_calmFar_condRevenant",true,false,""
"ping_watchingHere","loba","revenant","","diag_mp_loba_ping_watchingHere_calm_condRevenant",true,false,""
"ping_exploreGoPlayer","loba","revenant","","diag_mp_loba_ping_exploreGoPlayer_calmFar_condRevenant",true,false,""
"ping_foundMulti","loba","revenant","","diag_mp_loba_ping_foundMulti_calm_condRevenant",true,false,""
"ping_carePackage","loba","revenant","","diag_mp_loba_ping_carePackage_calm_condRevenant",true,false,""
"ping_lootTick","loba","revenant","","diag_mp_loba_ping_lootTick_calmFar_condRevenant",true,false,""
"ping_celebrate","loba","revenant","","diag_mp_loba_ping_celebrate_calm_condRevenant",true,false,""
"ping_totemNeutral","loba","revenant","","diag_mp_loba_ping_totemNeutral_calmFar_condRevenant",true,false,""
"ping_totemEnemy","loba","revenant","","diag_mp_loba_ping_totemEnemy_calmFar_condRevenant",true,false,""
"ping_typeKeyHaveSelf","loba","revenant","","diag_mp_loba_ping_typeKeyHaveSelf_calm_condRevenant",true,false,""
"ping_blackMarketNeutral","loba","revenant","","diag_mp_loba_ping_blackMarketNeutral_calmFar_condRevenant",true,false,""
"ping_dropshipenter","loba","revenant","","diag_mp_loba_ping_dropshipEnter_calm_condRevenant",true,false,""
"","","","","",false,false,""
"bc_reviveThanks","crypto","mirage","","diag_mp_crypto_bc_reviveThanks_condMirage_%perspective%",true,false,""
"bc_revivingPlayer","crypto","mirage","","diag_mp_crypto_bc_revivingPlayer_condMirage_%perspective%",true,false,""
"bc_iBecomeKillLeader","crypto","mirage","","diag_mp_crypto_bc_iBecomeKillLeader_condMirage_%perspective%",false,false,""
"ping_markerYes","crypto","mirage","","diag_mp_crypto_ping_markerYes_condMirage_calm",false,false,""
"ping_markerWait","crypto","mirage","","diag_mp_crypto_ping_markerWait_condMirage_calm",false,false,""
"ping_markerNo","crypto","mirage","","diag_mp_crypto_ping_markerNo_condMirage_calm",false,false,""
"//ping_thanks","crypto","loba","","diag_mp_crypto_ping_thanks_calm_condLoba",false,false,""
"ping_youreWelcome","crypto","revenant","","diag_mp_crypto_ping_youreWelcome_calm_condRevenant",true,false,""
"","","","","",false,false,""
"//ping_thanks   (disabled 13.0)","bangalore","revenant","","diag_mp_bangalore_ping_thanks_condRevenant",true,false,""
"//ping_youreWelcome   (disabled 13.0)","bangalore","revenant","","diag_mp_bangalore_ping_youreWelcome_calm_condRevenant",true,false,""
"//ping_thanks   (disabled 14.0)","bangalore","loba","","diag_mp_bangalore_ping_thanks_condLoba",true,false,""
"","","","","",false,false,""
"//ping_thanks   (disabled post se5)","wraith","loba","","diag_mp_wraith_ping_thanks_calm_condLoba",false,false,""
"//ping_thanks   (disabled post se5)","wraith","crypto","","diag_mp_wraith_ping_thanks_calm_condCrypto",false,false,""
"ping_youreWelcome","wraith","revenant","","diag_mp_wraith_ping_youreWelcome_calm_condRevenant",true,false,""
"","","","","",false,false,""
"//bc_revivingPlayer   (disabled post se5)","gibraltar","revenant","","diag_mp_gibraltar_bc_revivingPlayer_condRevenant_%perspective%",true,false,""
"ping_youreWelcome","gibraltar","revenant","","diag_mp_gibraltar_ping_youreWelcome_calm_condRevenant",true,false,""
"","","","","",false,false,""
"ping_youreWelcome","bloodhound","revenant","","diag_mp_bloodhound_ping_youreWelcome_calm_condRevenant",true,false,""
"","","","","",false,false,""
"//bc_revivingPlayer  (disabled as of 7.2)","gibraltar","caustic","","diag_mp_gibraltar_bc_revivingPlayer_condCaustic_%perspective%",true,false,""
"//bc_reviveThanks  (disabled as of 7.2)","gibraltar","caustic","","diag_mp_gibraltar_bc_reviveThanks_condCaustic_%perspective%",true,false,""
"//ping_iWillJoin  (disabled as of 7.2)","gibraltar","caustic","","diag_mp_gibraltar_ping_iWillJoin_calm_condCaustic",true,false,""
"//bc_congratsKill  (disabled as of 7.2)","gibraltar","caustic","","diag_mp_gibraltar_bc_congratsKill_condCaustic_%perspective%",true,true,""
"//bc_congratsKill  (CUT for now)","gibraltar","rampart","","diag_mp_gibraltar_bc_congratsKill_condRampart_%perspective%",true,true,""
"","","","","",false,false,""
"//bc_squadmateBecomesKillLeader (disabled for 7.0)","pathfinder","rampart","","diag_mp_pathfinder_bc_squadmateBecomesKillLeader_condRampart_%perspective%",true,true,""
"","","","","",false,false,""
"//bc_revivingPlayer (disabled for 7.0)","bloodhound","rampart","","diag_mp_bloodhound_bc_revivingPlayer_condRampart_%perspective%",true,false,""
"//bc_reviveThanks (disabled for 7.0)","bloodhound","rampart","","diag_mp_bloodhound_bc_reviveThanks_condRampart_%perspective%",true,false,""
"","","","","",false,false,""
"//bc_squadmateBecomesKillLeader (removed for 7.0)","mirage","rampart","","diag_mp_mirage_bc_squadmateBecomesKillLeader_condRampart_%perspective%",true,true,""
"bc_twoSquaddiesLeft","mirage","rampart","","diag_mp_mirage_bc_twoSquaddiesLeft_condRampart_%perspective%",true,false,""
"bc_squadTeamWipe","mirage","rampart","","diag_mp_mirage_bc_squadTeamWipe_condRampart_%perspective%",true,false,""
"bc_revivingPlayer","mirage","rampart","","diag_mp_mirage_bc_revivingPlayer_condRampart_%perspective%",true,false,""
"","","","","",false,false,""
"ping_iWillJoin","mirage","rampart","","diag_mp_mirage_ping_iWillJoin_calm_condRampart",true,false,""
"ping_thanks","mirage","rampart","","diag_mp_mirage_ping_thanks_condRampart",true,false,""
"ping_markerYes","mirage","rampart","","diag_mp_mirage_ping_markerYes_calm_condRampart",false,false,""
"ping_markerWait","mirage","rampart","","diag_mp_mirage_ping_markerWait_calm_condRampart",false,false,""
"ping_markerNo","mirage","rampart","","diag_mp_mirage_ping_markerNo_calm_condRampart",false,false,""
"","","","","",false,false,""
"//bc_reviveThanks  (disabled for 8.0)","bangalore","octane","","diag_mp_bangalore_bc_reviveThanks_condOctane_%perspective%",true,false,""
"ping_markerYes","bangalore","loba","","diag_mp_bangalore_ping_markerYes_calm_condLoba",true,false,""
"ping_markerNo","bangalore","loba","","diag_mp_bangalore_ping_markerNo_calm_condLoba",true,false,""
"//ping_youreWelcome (removed for 7.0)","bangalore","rampart","","diag_mp_bangalore_ping_youreWelcome_calm_condRampart",false,false,""
"","","","","",false,false,""
"bc_revivingPlayer","caustic","crypto","","diag_mp_caustic_bc_revivingPlayer_condCrypto_%perspective%",true,false,""
"bc_reviveThanks","caustic","crypto","","diag_mp_caustic_bc_reviveThanks_condCrypto_%perspective%",true,false,""
"//bc_revivingPlayer  (disabled for 8.0)","caustic","gibraltar","","diag_mp_caustic_bc_revivingPlayer_condGibraltar_%perspective%",true,false,""
"//bc_reviveThanks (removed for 7.0)","caustic","gibraltar","","diag_mp_caustic_bc_reviveThanks_condGibraltar_%perspective%",true,false,""
"//bc_congratsKill (removed for 7.0)","caustic","gibraltar","","diag_mp_caustic_bc_congratsKill_condGibraltar_%perspective%",true,true,""
"ping_thanks","caustic","crypto","","diag_mp_caustic_ping_thanks_condCrypto",true,false,""
"//ping_youreWelcome  (disabled for 8.0)","caustic","crypto","","diag_mp_caustic_ping_youreWelcome_calm_condCrypto",true,false,""
"//ping_thanks (removed for 7.0)","caustic","rampart","","diag_mp_caustic_ping_thanks_condRampart",false,false,""
"//ping_iWillJoin (removed for 7.0)","caustic","gibraltar","","diag_mp_caustic_ping_iWillJoin_calm_condGibraltar",false,false,""
"","","","","",false,false,""
"//ping_turretNeutral (removed for 7.0)","octane","rampart","","diag_mp_octane_ping_turretNeutral_calmFar_condRampart_01_01",false,false,""
"//ping_jumpPad (removed for 7.0)","octane","rampart","","diag_mp_octane_ping_jumpPad_calm_condRampart_01_01",false,false,""
"//bc_revivingPlayer  (disabled for 8.0)","octane","bangalore","","diag_mp_octane_bc_revivingPlayer_condBangalore_%perspective%",true,false,""
"","","","","",false,false,""
"","","","","",false,false,""
"","","","","",false,false,""
"//bc_reviveThanks   (disabled 16.0)","wattson","crypto","","diag_mp_wattson_bc_reviveThanks_condCrypto_%perspective%",true,false,""
"//bc_revivingPlayer   (disabled 16.0)","wattson","crypto","","diag_mp_wattson_bc_revivingPlayer_condCrypto_%perspective%",true,false,""
"bc_reviveThanks","wattson","wraith","","diag_mp_wattson_bc_reviveThanks_condWraith_%perspective%",false,false,""
"//ping_youreWelcome (removed for 7.0)","wattson","wraith","","diag_mp_wattson_ping_youreWelcome_calm_condWraith",false,false,""
"//ping_youreWelcome (removed for 7.0)","wattson","rampart","","diag_mp_wattson_ping_youreWelcome_calm_condRampart",true,false,""
"//ping_youreWelcome  (disabled for 8.0)","wattson","caustic","","diag_mp_wattson_ping_youreWelcome_calm_condCaustic",true,false,""
"//ping_youreWelcome   (disabled 16.0)","wattson","crypto","","diag_mp_wattson_ping_youreWelcome_calm_condCrypto",true,false,""
"ping_thanks","wattson","caustic","","diag_mp_wattson_ping_thanks_condCaustic",true,false,""
"//ping_thanks   (disabled 16.0)","wattson","crypto","","diag_mp_wattson_ping_thanks_condCrypto",true,false,""
"ping_youreWelcome","wattson","revenant","","diag_mp_wattson_ping_youreWelcome_calm_condRevenant",true,false,""
"","","","","",false,false,""
"//bc_reviveThanks   (disabled 16.0)","crypto","wattson","","diag_mp_crypto_bc_reviveThanks_condWattson_%perspective%",true,false,""
"//bc_revivingPlayer   (disabled 16.0)","crypto","wattson","","diag_mp_crypto_bc_revivingPlayer_condWattson_%perspective%",true,false,""
"bc_reviveThanks","crypto","caustic","","diag_mp_crypto_bc_reviveThanks_condCaustic_%perspective%",true,false,""
"bc_revivingPlayer","crypto","caustic","","diag_mp_crypto_bc_revivingPlayer_condCaustic_%perspective%",true,false,""
"//ping_youreWelcome   (disabled 16.0)","crypto","wattson","","diag_mp_crypto_ping_youreWelcome_calm_condWattson",true,false,""
"ping_youreWelcome","crypto","caustic","","diag_mp_crypto_ping_youreWelcome_calm_CondCaustic",true,false,""
"","","","","",false,false,""
"//ping_thanks (removed for 7.0)","revenant","rampart","","diag_mp_revenant_ping_thanks_condRampart",true,false,""
"","","","","",false,false,""
"//bc_reviveThanks (removed for 7.0)","loba","bangalore","","diag_mp_loba_bc_reviveThanks_condBangalore_%perspective%",true,false,""
"//bc_revivingPlayer    (not used 7.0)","loba","caustic","","diag_mp_loba_bc_revivingPlayer_condCaustic_%perspective%",false,false,""
"//ping_blackMarketNeutral (removed for 7.0)","loba","rampart","","diag_mp_loba_ping_blackMarketNeutral_calm_condRampart_01_01",false,false,""
"ping_markerYes","loba","bangalore","","diag_mp_loba_ping_markerYes_calm_condBangalore_01_01",true,false,""
"ping_markerNo","loba","bangalore","","diag_mp_loba_ping_markerNo_calm_condBangalore_01_01",true,false,""
"","","","","",false,false,""
"//bc_squadmateBecomesKillLeader (removed for 7.0)","rampart","mirage","","diag_mp_rampart_bc_squadmateBecomesKillLeader_condMirage_%perspective%",true,true,""
"bc_twoSquaddiesLeft","rampart","mirage","","diag_mp_rampart_bc_twoSquaddiesLeft_condMirage_%perspective%",false,false,""
"bc_imDown","rampart","mirage","","diag_mp_rampart_bc_imDown_condMirage_%perspective%",false,false,""
"bc_revivingPlayer","rampart","mirage","","diag_mp_rampart_bc_revivingPlayer_condMirage_%perspective%",true,false,""
"//bc_congratsKill (removed for 7.0)","rampart","mirage","","diag_mp_rampart_bc_congratsKill_condMirage_%perspective%",false,true,""
"bc_reviveThanks","rampart","mirage","","diag_mp_rampart_bc_reviveThanks_condMirage_%perspective%",true,false,""
"//bc_reviveThanks (removed for 7.0)","rampart","bloodhound","","diag_mp_rampart_bc_reviveThanks_condBloodhound_%perspective%",true,false,""
"ping_youreWelcome","rampart","mirage","","diag_mp_rampart_ping_youreWelcome_calm_condMirage_01_01",true,false,""
"ping_markerYes","rampart","mirage","","diag_mp_rampart_ping_markerYes_calm_condMirage_01_01",false,false,""
"ping_markerWait","rampart","mirage","","diag_mp_rampart_ping_markerWait_calm_condMirage_01_01",false,false,""
"ping_markerNo","rampart","mirage","","diag_mp_rampart_ping_markerNo_calm_condMirage_01_01",false,false,""
"ping_iWillJoin","rampart","mirage","","diag_mp_rampart_ping_iWillJoin_calm_condMirage_01_01",true,false,""
"//ping_youreWelcome  (removed for 7.0)","rampart","revenant","","diag_mp_rampart_ping_youreWelcome_calm_condRevenant_01_01",false,false,""
"ping_jumpPad","rampart","octane","","diag_mp_rampart_ping_jumpPad_calm_condOctane_01_01",false,false,""
"","","","","",false,false,""
"","","","","",false,false,""
"","","","","",false,false,""
"bc_squadKill","crypto","mirage","","diag_mp_crypto_bc_squadKill_condMirage_%perspective%",false,true,""
"bc_revivingPlayer","octane","lifeline","","diag_mp_octane_bc_revivingPlayer_condLifeline_%perspective%",false,false,""
"bc_reviveThanks","lifeline","octane","","diag_mp_lifeline_bc_reviveThanks_condOctane_%perspective%",true,false,""
"//ping_reviveYoureWelcome  (disabled for 9.0)","caustic","wattson","","diag_mp_caustic_ping_reviveYoureWelcome_condWattson",true,false,""
"ping_youreWelcome","caustic","wattson","","diag_mp_caustic_ping_youreWelcome_calm_condWattson",true,false,""
"ping_reviveYoureWelcome","caustic","crypto","","diag_mp_caustic_ping_reviveYoureWelcome_calm_condCrypto",true,false,""
"//ping_thanks  (disabled for 8.0)","caustic","horizon","","diag_mp_caustic_ping_thanks_condHorizon",false,false,""
"","","","","",false,false,""
"","","","","",false,false,""
"//bc_congratsKill (disabled 11.0)","horizon","mirage","","diag_mp_horizon_bc_congratsKill_condMirage_%perspective%",false,true,""
"//bc_congratsKill  (disabled for 8.0)","mirage","pathfinder","","diag_mp_mirage_bc_congratsKill_condPathfinder_%perspective%",true,true,""
"bc_congratsKill","wraith","rampart","","diag_mp_wraith_bc_congratsKill_condRampart_%perspective%",true,true,""
"bc_reviveThanks","horizon","mirage","","diag_mp_horizon_bc_reviveThanks_condMirage_%perspective%",true,false,""
"bc_reviveThanks","mirage","horizon","","diag_mp_mirage_bc_reviveThanks_condHorizon_%perspective%",true,false,""
"bc_reviveThanks","rampart","wraith","","diag_mp_rampart_bc_reviveThanks_condWraith_%perspective%",true,false,""
"//bc_reviveThanks  (disabled for 8.0)","wattson","loba","","diag_mp_wattson_bc_reviveThanks_condLoba_%perspective%",true,false,""
"//bc_reviveThanks  (disabled for 8.0)","horizon","rampart","","diag_mp_horizon_bc_reviveThanks_condRampart_%perspective%",true,false,""
"bc_revivingPlayer","horizon","mirage","","diag_mp_horizon_bc_revivingPlayer_condMirage_%perspective%",true,false,""
"//bc_revivingPlayer  (disabled for 8.0)","loba","octane","","diag_mp_loba_bc_revivingPlayer_condOctane_%perspective%",false,false,""
"//bc_revivingPlayer  (disabled for 8.0)","loba","wattson","","diag_mp_loba_bc_revivingPlayer_condWattson_%perspective%",false,false,""
"bc_revivingPlayer","mirage","horizon","","diag_mp_mirage_bc_revivingPlayer_condHorizon_%perspective%",true,false,""
"//bc_revivingPlayer  (disabled for 8.0)","pathfinder","horizon","","diag_mp_pathfinder_bc_revivingPlayer_condHorizon_%perspective%",false,false,""
"bc_revivingPlayer","wraith","rampart","","diag_mp_wraith_bc_revivingPlayer_condRampart_%perspective%",true,false,""
"bc_shRoyaleRev","loba","revenant","","diag_mp_loba_bc_shRoyaleRev_condRevenant_%perspective%",true,false,""
"//bc_tridentEnter   (disabled 13.0)","lifeline","octane","","diag_mp_lifeline_bc_tridentEnter_condOctane_%perspective%",false,false,""
"bc_tridentEnter","mirage","crypto","","diag_mp_mirage_bc_tridentEnter_condCrypto_%perspective%",true,false,""
"//bc_tridentEnter   (disabled 13.0)","octane","lifeline","","diag_mp_octane_bc_tridentEnter_condLifeline_%perspective%",false,false,""
"bc_tridentJoin","bloodhound","loba","","diag_mp_bloodhound_bc_tridentJoin_condLoba_%perspective%",false,true,""
"//bc_tridentJoin   (disabled 13.0)","lifeline","octane","","diag_mp_lifeline_bc_tridentJoin_condOctane_%perspective%",false,true,""
"bc_tridentJoin","loba","revenant","","diag_mp_loba_bc_tridentJoin_condRevenant_%perspective%",true,true,""
"bc_tridentJoin","mirage","crypto","","diag_mp_mirage_bc_tridentJoin_condCrypto_%perspective%",true,true,""
"//bc_tridentJoin   (disabled 13.0)","octane","lifeline","","diag_mp_octane_bc_tridentJoin_condLifeline_%perspective%",false,true,""
"bc_tridentJoin","crypto","mirage","","diag_mp_crypto_bc_tridentJoin_condMirage_%perspective%",true,true,""
"bc_gotFriendlyBanner","loba","revenant","","diag_mp_loba_bc_gotFriendlyBanner_condRevenant_%perspective%",true,false,""
"","","","","",false,false,""
"//ping_exploreGoPlayer  (disabled for 8.0)","mirage","rampart","","diag_mp_mirage_ping_exploreGoPlayer_calm_condRampart",true,false,""
"//ping_exploreGoPlayer  (disabled for 7.2+)","pathfinder","mirage","","diag_mp_pathfinder_ping_exploreGoPlayer_calmFar_condMirage",true,false,""
"//ping_iWillJoin  (disabled for 7.2+)","mirage","pathfinder","","diag_mp_mirage_ping_iWillJoin_calm_condPathfinder",true,false,""
"ping_iWillJoin","wraith","rampart","","diag_mp_wraith_ping_iWillJoin_calm_condRampart",true,false,""
"ping_reviveYoureWelcome","crypto","caustic","","diag_mp_crypto_ping_reviveYoureWelcome_calm_condCaustic",true,false,""
"ping_reviveYoureWelcome","crypto","mirage","","diag_mp_crypto_ping_reviveYoureWelcome_calm_condMirage",true,false,""
"ping_reviveYoureWelcome","loba","revenant","","diag_mp_loba_ping_reviveYoureWelcome_calm_condRevenant",true,false,""
"//ping_reviveYoureWelcome  (disabled for 8.0)","rampart","horizon","","diag_mp_rampart_ping_reviveYoureWelcome_calm_condHorizon",false,false,""
"ping_silenceBomb","crypto","mirage","","diag_mp_crypto_ping_silenceBomb_calm_condMirage",false,false,""
"ping_spotDefault","rampart","wraith","","diag_mp_rampart_ping_spotDefault_calm_condWraith",true,false,""
"","","","","",false,false,""
"ping_tridentEnter","bloodhound","loba","","diag_mp_bloodhound_ping_tridentEnter_calm_condLoba",false,false,""
"//ping_tridentEnter   (disabled)","lifeline","octane","","diag_mp_lifeline_ping_tridentEnter_calm_condOctane",false,false,""
"//ping_tridentEnter   (disabled 13.0)","octane","lifeline","","diag_mp_octane_ping_tridentEnter_calm_condLifeline",false,false,""
"ping_tridentHurry","loba","revenant","","diag_mp_loba_ping_tridentHurry_calm_condRevenant",true,false,""
"//ping_vehicleEnter   (disabled 13.0)","lifeline","octane","","diag_mp_lifeline_ping_vehicleEnter_calm_condOctane",false,false,""
"//ping_vehicleEnter   (disabled 13.0)","octane","lifeline","","diag_mp_octane_ping_vehicleEnter_calm_condLifeline",false,false,""
"//ping_youreWelcome   (disabled 14.0)","bangalore","loba","","diag_mp_bangalore_ping_youreWelcome_calm_condLoba",true,false,""
"ping_youreWelcome","horizon","mirage","","diag_mp_horizon_ping_youreWelcome_calm_condMirage",true,false,""
"ping_youreWelcome","mirage","horizon","","diag_mp_mirage_ping_youreWelcome_calm_condHorizon",true,false,""
"ping_youreWelcome","mirage","rampart","","diag_mp_mirage_ping_youreWelcome_calm_condRampart",true,false,""
"//ping_reviveYoureWelcome   (disabled for 9.0)","wattson","caustic","","diag_mp_wattson_ping_reviveYoureWelcome_condCaustic",true,false,""
"","","","","",false,false,""
"//ping_spotMarvin  (disabled for 8.0)","wattson","pathfinder","","diag_mp_wattson_ping_spotMarvin_calm_condPathfinder",false,false,""
"","","","","",false,false,""
"//ping_thanks  (disabled for 8.0)","gibraltar","caustic","","diag_mp_gibraltar_ping_thanks_condCaustic",true,false,""
"//ping_youreWelcome  (disabled for 8.0)","caustic","gibraltar","","diag_mp_caustic_ping_youreWelcome_calm_condGibraltar",true,false,""
"//ping_reviveYoureWelcome   (disabled 16.0)","wattson","crypto","","diag_mp_wattson_ping_reviveYoureWelcome_calm_condCrypto",true,false,""
"//ping_reviveYoureWelcome   (disabled 16.0)","crypto","wattson","","diag_mp_crypto_ping_reviveYoureWelcome_calm_condWattson",true,false,""
"ping_gravityLift","crypto","wattson","","diag_mp_crypto_ping_gravityLift_calm_condWattson",false,false,""
"//ping_thanks   (disabled 13.0)","revenant","bangalore","","diag_mp_revenant_ping_thanks_condBangalore_3p",true,false,""
"","","","","",false,false,""
"","","","","",false,false,""
"bc_revivingPlayer","bloodhound","fuse","","diag_mp_bloodhound_bc_revivingPlayer_condFuse_%perspective%",true,false,""
"//bc_revivingPlayer (disabled for 9.0)","caustic","fuse","","diag_mp_caustic_bc_revivingPlayer_condFuse_%perspective%",true,false,""
"bc_reviveThanks","fuse","bloodhound","","diag_mp_fuse_bc_reviveThanks_condBloodhound_%perspective%",true,false,""
"//bc_reviveThanks (disabled for 9.0)","fuse","caustic","","diag_mp_fuse_bc_reviveThanks_condCaustic_%perspective%",true,false,""
"bc_reviveThanks","fuse","lifeline","","diag_mp_fuse_bc_reviveThanks_condLifeline_%perspective%",true,false,""
"//bc_reviveThanks (disabled for 9.0)","fuse","mirage","","diag_mp_fuse_bc_reviveThanks_condMirage_%perspective%",true,false,""
"//bc_reviveThanks (disabled for 9.0)","fuse","octane","","diag_mp_fuse_bc_reviveThanks_condOctane_%perspective%",true,false,""
"//bc_reviveThanks  (disabled for 9.0)","fuse","rampart","","diag_mp_fuse_bc_reviveThanks_condRampart_%perspective%",true,false,""
"bc_revivingPlayer","fuse","bloodhound","","diag_mp_fuse_bc_revivingPlayer_condBloodhound_%perspective%",true,false,""
"//bc_tridentJoin  (added in 8 but not enabled as per script)","gibraltar","octane","","diag_mp_gibraltar_bc_tridentJoin_condOctane_%perspective%",true,true,""
"//bc_revivingPlayer (disabled for 9.0)","horizon","wattson","","diag_mp_horizon_bc_revivingPlayer_condWattson_%perspective%",true,false,""
"bc_revivingPlayer","lifeline","fuse","","diag_mp_lifeline_bc_revivingPlayer_condFuse_%perspective%",true,false,""
"//bc_revivingPlayer (disabled for 9.0)","octane","fuse","","diag_mp_octane_bc_revivingPlayer_condFuse_%perspective%",true,false,""
"//bc_tridentEnter  (added in 8 but not enabled as per script)","octane","gibraltar","","diag_mp_octane_bc_tridentEnter_condGibraltar_%perspective%",true,false,""
"//bc_revivingPlayer (disabled for 9.0)","mirage","fuse","","diag_mp_mirage_bc_revivingPlayer_condFuse_%perspective%",true,false,""
"bc_reviveThanks","mirage","rampart","","diag_mp_mirage_bc_reviveThanks_condRampart_%perspective%",true,false,""
"//bc_revivingPlayer (disabled for 9.0)","rampart","fuse","","diag_mp_rampart_bc_revivingPlayer_condFuse_%perspective%",true,false,""
"//bc_reviveThanks (disabled for 9.0)","wattson","horizon","","diag_mp_wattson_bc_reviveThanks_condHorizon_%perspective%",true,false,""
"","","","","",false,false,""
"//ping_reviveYoureWelcome (disabled for 9.0)","caustic","fuse","","diag_mp_caustic_ping_reviveYoureWelcome_calm_condFuse",true,false,""
"//ping_reviveYoureWelcome  (disabled for 9.0)","horizon","wattson","","diag_mp_horizon_ping_reviveYoureWelcome_calm_condWattson",true,false,""
"//ping_reviveYoureWelcome (disabled for 9.0)","octane","fuse","","diag_mp_octane_ping_reviveYoureWelcome_calm_condFuse",true,false,""
"//ping_reviveYoureWelcome (disabled for 9.0)","mirage","fuse","","diag_mp_mirage_ping_reviveYoureWelcome_calm_condFuse",true,false,""
"//ping_reviveYoureWelcome (disabled for 9.0)","rampart","fuse","","diag_mp_rampart_ping_reviveYoureWelcome_calm_condFuse",true,false,""
"ping_reviveYoureWelcome","rampart","loba","","diag_mp_rampart_ping_reviveYoureWelcome_calm_condLoba",true,false,""
"ping_reviveYoureWelcome","rampart","mirage","","diag_mp_rampart_ping_reviveYoureWelcome_calm_condMirage",true,false,""
"ping_reviveYoureWelcome","lifeline","fuse","","diag_mp_lifeline_ping_reviveYoureWelcome_calm_condFuse",true,false,""
"//ping_blackMarketNeutral (disabled for 9.0)","loba","fuse","","diag_mp_loba_ping_blackMarketNeutral_calm_condFuse",false,false,""
"//ping_foundFrag (disabled for 9.0)","bangalore","fuse","","diag_mp_bangalore_ping_foundFrag_calm_condFuse",false,false,""
"//ping_foundFrag (disabled for 9.0)","bloodhound","fuse","","diag_mp_bloodhound_ping_foundFrag_calm_condFuse",false,false,""
"ping_foundDevotion","mirage","rampart","","diag_mp_mirage_ping_foundDevotion_calm_condRampart",false,false,""
"ping_foundLstar","mirage","rampart","","diag_mp_mirage_ping_foundLstar_calm_condRampart",false,false,""
"ping_foundSpitfire","mirage","rampart","","diag_mp_mirage_ping_foundSpitfire_calm_condRampart",false,false,""
"//ping_heatShield  (disabled for 9.0)","wraith","wattson","","diag_mp_wraith_ping_heatShield_calm_condWattson",false,false,""
"//ping_heatShield  (disabled for 9.0)","crypto","wattson","","diag_mp_crypto_ping_heatShield_calm_condWattson",false,false,""
"","","","","",false,false,""
"//bc_loba_black_market_friendly_took_loot_calm (keeping disabled for now, as only one can be enabled per legend+function with requireAddressee)","loba","valkyrie","","diag_mp_loba_bc_blackMarketSquadLoot_condValkyrie_%perspective%",true,true,""
"","","","","",false,false,""
"//ping_thanks   (disabled 14.0)","valkyrie","loba","","diag_mp_valkyrie_ping_thanks_condLoba",true,false,""
"//ping_thanks   (disabled 14.0)","loba","valkyrie","","diag_mp_loba_ping_thanks_condValkyrie",true,false,""
"//ping_thanks   (disabled 14.0)","wraith","mirage","","diag_mp_wraith_ping_thanks_condMirage",false,false,""
"//ping_thanks   (disabled 14.1)","mirage","wraith","","diag_mp_mirage_ping_thanks_condWraith",false,false,""
"","","","","",false,false,""
"//ping_youreWelcome   (disabled 14.0)","loba","valkyrie","","diag_mp_loba_ping_youreWelcome_calm_condValkyrie",true,false,""
"//ping_youreWelcome   (disabled 14.0)","valkyrie","loba","","diag_mp_valkyrie_ping_youreWelcome_calm_condLoba",true,false,""
"//ping_youreWelcome   (disabled 14.0)","mirage","wraith","","diag_mp_mirage_ping_youreWelcome_calm_condWraith",false,false,""
"//ping_youreWelcome   (disabled 14.1)","wraith","mirage","","diag_mp_wraith_ping_youreWelcome_calm_condMirage",true,false,""
"","","","","",false,false,""
"bc_revivingPlayer","valkyrie","rampart","","diag_mp_valkyrie_bc_revivingPlayer_condRampart_%perspective%",true,false,""
"bc_revivingPlayer","valkyrie","loba","","diag_mp_valkyrie_bc_revivingPlayer_condLoba_%perspective%",true,false,""
"bc_revivingPlayer","rampart","valkyrie","","diag_mp_rampart_bc_revivingPlayer_condValkyrie_%perspective%",true,false,""
"bc_revivingPlayer","loba","valkyrie","","diag_mp_loba_bc_revivingPlayer_condValkyrie_%perspective%",true,false,""
"bc_revivingPlayer","fuse","lifeline","","diag_mp_fuse_bc_revivingPlayer_condLifeline_%perspective%",true,false,""
"//bc_revivingPlayer   (disabled 15.0)","mirage","wraith","","diag_mp_mirage_bc_revivingPlayer_condWraith_%perspective%",true,false,""
"//bc_revivingPlayer   (disabled 15.0)","wraith","mirage","","diag_mp_wraith_bc_revivingPlayer_condMirage_%perspective%",true,false,""
"","","","","",false,false,""
"bc_reviveThanks","valkyrie","loba","","diag_mp_valkyrie_bc_reviveThanks_condLoba_%perspective%",true,false,""
"bc_reviveThanks","valkyrie","rampart","","diag_mp_valkyrie_bc_reviveThanks_condRampart_%perspective%",true,false,""
"bc_reviveThanks","loba","valkyrie","","diag_mp_loba_bc_reviveThanks_condValkyrie_%perspective%",true,false,""
"bc_reviveThanks","rampart","valkyrie","","diag_mp_rampart_bc_reviveThanks_condValkyrie_%perspective%",true,false,""
"bc_reviveThanks","bloodhound","fuse","","diag_mp_bloodhound_bc_reviveThanks_condFuse_%perspective%",true,false,""
"bc_reviveThanks","lifeline","fuse","","diag_mp_lifeline_bc_reviveThanks_condFuse_%perspective%",true,false,""
"//bc_reviveThanks   (disabled 15.0)","mirage","wraith","","diag_mp_mirage_bc_reviveThanks_condWraith_%perspective%",true,false,""
"//bc_reviveThanks   (disabled 15.0)","wraith","mirage","","diag_mp_wraith_bc_reviveThanks_condMirage_%perspective%",true,false,""
"","","","","",false,false,""
"ping_reviveYoureWelcome","valkyrie","rampart","","diag_mp_valkyrie_ping_reviveYoureWelcome_calm_condRampart",true,false,""
"ping_reviveYoureWelcome","valkyrie","loba","","diag_mp_valkyrie_ping_reviveYoureWelcome_calm_condLoba",true,false,""
"ping_reviveYoureWelcome","rampart","valkyrie","","diag_mp_rampart_ping_reviveYoureWelcome_calm_condValkyrie",true,false,""
"ping_reviveYoureWelcome","loba","valkyrie","","diag_mp_loba_ping_reviveYoureWelcome_calm_condValkyrie",true,false,""
"ping_reviveYoureWelcome","fuse","bloodhound","","diag_mp_fuse_ping_reviveYoureWelcome_calm_condBloodhound",true,false,""
"ping_reviveYoureWelcome","fuse","lifeline","","diag_mp_fuse_ping_reviveYoureWelcome_calm_condLifeline",true,false,""
"//ping_reviveYoureWelcome   (disabled 15.0)","mirage","wraith","","diag_mp_mirage_ping_reviveYoureWelcome_calm_condWraith",true,false,""
"ping_reviveYoureWelcome","bloodhound","fuse","","diag_mp_bloodhound_ping_reviveYoureWelcome_calm_condFuse",true,false,""
"//ping_reviveYoureWelcome   (disabled 15.0)","wraith","mirage","","diag_mp_wraith_ping_reviveYoureWelcome_calm_condMirage",true,false,""
"","","","","",false,false,""
"bc_arenasMatchStart","mirage","crypto","","diag_mp_mirage_bc_arenasMatchStart_condCrypto_%perspective%",true,false,""
"bc_arenasMatchStart","crypto","wattson","","diag_mp_crypto_bc_arenasMatchStart_condWattson_%perspective%",false,false,""
"bc_arenasMatchStart","crypto","mirage","","diag_mp_crypto_bc_arenasMatchStart_condMirage_%perspective%",false,false,""
"bc_arenasMatchStart","loba","revenant","","diag_mp_loba_bc_arenasMatchStart_condRevenant_%perspective%",true,false,""
"","","","","",false,false,""
"//bc_arenasMatchPointSquad   (disabled 13.0)","octane","lifeline","","diag_mp_octane_bc_arenasMatchPoint_condLifeline_%perspective%",true,false,""
"//bc_arenasMatchPointSquad   (disabled 13.0)","lifeline","octane","","diag_mp_lifeline_bc_arenasMatchPoint_condOctane_%perspective%",false,false,""
"bc_arenasMatchPointSquad","mirage","crypto","","diag_mp_mirage_bc_arenasMatchWinning_condCrypto_%perspective%",true,false,""
"bc_arenasMatchPointSquad","crypto","mirage","","diag_mp_crypto_bc_arenasMatchWinning_condMirage_%perspective%",false,false,""
"","","","","",false,false,""
"ping_thanks","valkyrie","revenant","","diag_mp_valkyrie_ping_thanks_condRevenant",true,false,""
"ping_youreWelcome","revenant","valkyrie","","diag_mp_revenant_ping_youreWelcome_calm_condValkyrie",true,false,""
"ping_thanks","revenant","valkyrie","","diag_mp_revenant_ping_thanks_condValkyrie",true,false,""
"ping_youreWelcome","valkyrie","revenant","","diag_mp_valkyrie_ping_youreWelcome_calm_condRevenant",true,false,""
"bc_revivingPlayer","valkyrie","revenant","","diag_mp_valkyrie_bc_revivingPlayer_condRevenant_%perspective%",true,false,""
"bc_reviveThanks","revenant","valkyrie","","diag_mp_revenant_bc_reviveThanks_condValkyrie_%perspective%",true,false,""
"ping_reviveYoureWelcome","valkyrie","revenant","","diag_mp_valkyrie_ping_reviveYoureWelcome_calm_condRevenant",true,false,""
"bc_revivingPlayer","revenant","valkyrie","","diag_mp_revenant_bc_revivingPlayer_condValkyrie_%perspective%",true,false,""
"bc_reviveThanks","valkyrie","revenant","","diag_mp_valkyrie_bc_reviveThanks_condRevenant_%perspective%",true,false,""
"ping_reviveYoureWelcome","revenant","valkyrie","","diag_mp_revenant_ping_reviveYoureWelcome_calm_condValkyrie",true,false,""
"bc_twoSquaddiesLeft","valkyrie","revenant","","diag_mp_valkyrie_bc_twoSquaddiesLeft_condRevenant_%perspective%",false,false,""
"bc_twoSquaddiesLeft","revenant","valkyrie","","diag_mp_revenant_bc_twoSquaddiesLeft_condValkyrie_%perspective%",false,false,""
"","","","","",false,false,""
"//ping_jumpPad   (disabled for 10.0)","octane","valkyrie","","diag_mp_octane_ping_jumpPad_calm_condValkyrie",true,false,""
"//ping_jumpPad   (disabled for 10.0)","valkyrie","octane","","diag_mp_valkyrie_ping_jumpPad_calm_condOctane",true,false,""
"//ping_gravityLift   (disabled for 10.0)","horizon","valkyrie","","diag_mp_horizon_ping_gravityLift_calm_condValkyrie",true,false,""
"//bc_super   (disabled for 10.0)","fuse","valkyrie","","diag_mp_fuse_bc_super_condValkyrie_%perspective%",false,false,""
"//ping_pathStatue   (disabled for 10.1)","horizon","pathfinder","","diag_mp_horizon_ping_pathStatue_calm_condPathfinder",false,true,""
"","","","","",false,false,""
"//ping_thanks (disabled 11.0)","bangalore","valkyrie","","diag_mp_bangalore_ping_thanks_condValkyrie",true,false,""
"//ping_youreWelcome (disabled 11.0)","bangalore","valkyrie","","diag_mp_bangalore_ping_youreWelcome_calm_condValkyrie",true,false,""
"//ping_youreWelcome (disabled 12.0)","bangalore","wraith","","diag_mp_bangalore_ping_youreWelcome_calm_condWraith",true,false,""
"//bc_podLeaderLaunch (disabled 11.0)","bloodhound","","mp_rr_desertlands_mu3","diag_mp_bloodhound_bc_podLeaderLaunch_condWE_%perspective%",false,false,""
"bc_arenasMatchStart","bloodhound","fuse","","diag_mp_bloodhound_bc_arenasMatchStart_condFuse_%perspective%",false,false,""
"bc_arenasMatchStart","bloodhound","seer","","diag_mp_bloodhound_bc_arenasMatchStart_condSeer_%perspective%",false,false,""
"//bc_reviveThanks (disabled 11.0)","bloodhound","seer","","diag_mp_bloodhound_bc_reviveThanks_condSeer_%perspective%",true,false,""
"//bc_revivingPlayer (disabled 11.0)","bloodhound","seer","","diag_mp_bloodhound_bc_revivingPlayer_condSeer_%perspective%",true,false,""
"//ping_reviveYoureWelcome (disabled 11.0)","bloodhound","seer","","diag_mp_bloodhound_ping_reviveYoureWelcome_calm_condSeer",true,false,""
"//ping_youreWelcome   (disabled 14.1)","crypto","mirage","","diag_mp_crypto_ping_youreWelcome_calm_condMirage",true,false,""
"//ping_thanks disabled   (disabled 14.0)","crypto","mirage","","diag_mp_crypto_ping_thanks_condMirage",true,false,""
"bc_arenasMatchStart","fuse","bloodhound","","diag_mp_fuse_bc_arenasMatchStart_condBloodhound_%perspective%",false,false,""
"//bc_revivingPlayer (disabled 11.0)","horizon","pathfinder","","diag_mp_horizon_bc_revivingPlayer_condPathfinder_%perspective%",true,false,""
"//ping_reviveYoureWelcome (disabled 11.0)","horizon","pathfinder","","diag_mp_horizon_ping_reviveYoureWelcome_calm_condPathfinder",true,false,""
"//ping_thanks (disabled 11.0)","lifeline","octane","","diag_mp_lifeline_ping_thanks_condOctane",true,false,""
"//bc_congratsKill   (cut due to requireAddressee with Rev)","loba","seer","","diag_mp_loba_bc_congratsKill_condSeer_%perspective%",false,true,""
"ping_youreWelcome","loba","seer","","diag_mp_loba_ping_youreWelcome_calm_condSeer",true,false,""
"ping_thanks","loba","seer","","diag_mp_loba_ping_thanks_condSeer",true,false,""
"//bc_tridentEnter (disabled 11.0 Loba requireAddressee with Rev)","loba","valkyrie","","diag_mp_loba_bc_tridentEnter_condValkyrie_%perspective%",true,false,""
"//bc_tridentJoin (disabled due to Loba requireAddressee with Rev)","loba","valkyrie","","diag_mp_loba_bc_tridentJoin_condValkyrie_%perspective%",true,true,""
"bc_arenasMatchStart","mirage","rampart","","diag_mp_mirage_bc_arenasMatchStart_condRampart_%perspective%",false,false,""
"//ping_thanks   (disabled 14.1)","mirage","crypto","","diag_mp_mirage_ping_thanks_condCrypto",true,false,""
"//ping_youreWelcome   (disabled 14.0)","mirage","crypto","","diag_mp_mirage_ping_youreWelcome_calm_condCrypto",true,false,""
"bc_arenasMatchStart","octane","seer","","diag_mp_octane_bc_arenasMatchStart_condSeer_%perspective%",false,false,""
"//ping_youreWelcome (disabled 11.0)","octane","lifeline","","diag_mp_octane_ping_youreWelcome_calm_condLifeline",true,false,""
"//bc_reviveThanks   (disabled 16.0)","octane","seer","","diag_mp_octane_bc_reviveThanks_condSeer_%perspective%",true,false,""
"bc_revivingPlayer","octane","seer","","diag_mp_octane_bc_revivingPlayer_condSeer_%perspective%",true,false,""
"ping_reviveYoureWelcome","octane","seer","","diag_mp_octane_ping_reviveYoureWelcome_calm_condSeer",true,false,""
"//bc_reviveThanks","pathfinder","horizon","","diag_mp_pathfinder_bc_reviveThanks_condHorizon_%perspective%",true,false,""
"bc_arenasMatchStart","rampart","mirage","","diag_mp_rampart_bc_arenasMatchStart_condMirage_%perspective%",false,false,""
"bc_arenasMatchStart","rampart","seer","","diag_mp_rampart_bc_arenasMatchStart_condSeer_%perspective%",false,false,""
"bc_arenasMatchPointEnemy","rampart","seer","","diag_mp_rampart_bc_arenasMatchPointEnemy_condSeer_%perspective%",false,false,""
"bc_congratsKill","rampart","seer","","diag_mp_rampart_bc_congratsKill_condSeer_%perspective%",false,true,""
"//bc_twoSquaddiesLeft (disabled 11.0)","revenant","seer","","diag_mp_revenant_bc_twoSquaddiesLeft_condSeer_%perspective%",false,false,""
"bc_arenasMatchStart","seer","bloodhound","","diag_mp_seer_bc_arenasMatchStart_condBloodhound_%perspective%",false,false,""
"bc_arenasMatchStart","seer","octane","","diag_mp_seer_bc_arenasMatchStart_condOctane_%perspective%",false,false,""
"bc_arenasMatchStart","seer","rampart","","diag_mp_seer_bc_arenasMatchStart_condRampart_%perspective%",false,false,""
"bc_arenasMatchPointEnemy","seer","rampart","","diag_mp_seer_bc_arenasMatchPointEnemy_condRampart_%perspective%",false,false,""
"//bc_congratsKill   (cut due to existing line with Rampart)","seer","loba","","diag_mp_seer_bc_congratsKill_condLoba_%perspective%",false,true,""
"bc_congratsKill","seer","rampart","","diag_mp_seer_bc_congratsKill_condRampart_%perspective%",false,true,""
"//bc_congratsKill   (cut due to existing line with Rampart)","seer","revenant","","diag_mp_seer_bc_congratsKill_condRevenant_%perspective%",false,true,""
"//bc_reviveThanks (disabled 11.0)","seer","bloodhound","","diag_mp_seer_bc_reviveThanks_condBloodhound_%perspective%",true,false,""
"bc_reviveThanks","seer","octane","","diag_mp_seer_bc_reviveThanks_condOctane_%perspective%",true,false,""
"//bc_revivingPlayer (disabled 11.0)","seer","bloodhound","","diag_mp_seer_bc_revivingPlayer_condBloodhound_%perspective%",true,false,""
"//bc_revivingPlayer   (disabled 16.0)","seer","octane","","diag_mp_seer_bc_revivingPlayer_condOctane_%perspective%",true,false,""
"//ping_reviveYoureWelcome (disabled 11.0)","seer","bloodhound","","diag_mp_seer_ping_reviveYoureWelcome_calm_condBloodhound",true,false,""
"//ping_reviveYoureWelcome   (disabled 16.0)","seer","octane","","diag_mp_seer_ping_reviveYoureWelcome_calm_condOctane",true,false,""
"ping_thanks","seer","loba","","diag_mp_seer_ping_thanks_condLoba",true,false,""
"ping_youreWelcome","seer","loba","","diag_mp_seer_ping_youreWelcome_calm_condLoba",true,false,""
"//bc_tridentEnter (disabled 11.0 Loba requireAddressee with Rev)","valkyrie","loba","","diag_mp_valkyrie_bc_tridentEnter_condLoba_%perspective%",true,false,""
"//bc_tridentJoin (disabled 11.0 Loba requireAddressee with Rev)","valkyrie","loba","","diag_mp_valkyrie_bc_tridentJoin_condLoba_%perspective%",true,true,""
"//ping_thanks (disabled 11.0)","valkyrie","bangalore","","diag_mp_valkyrie_ping_thanks_condBangalore",true,false,""
"//ping_youreWelcome (disabled 11.0)","valkyrie","bangalore","","diag_mp_valkyrie_ping_youreWelcome_calm_condBangalore",true,false,""
"//ping_thanks (disabled 12.0)","wraith","bangalore","","diag_mp_wraith_ping_thanks_condBangalore",true,false,""
"","","","","",false,false,""
"//bc_reviveThanks   (disabled 14.0)","crypto","revenant","","diag_mp_crypto_bc_reviveThanks_condRevenant_%perspective%",true,false,""
"//bc_revivingPlayer   (disabled 14.0)","revenant","crypto","","diag_mp_revenant_bc_revivingPlayer_condCrypto_%perspective%",true,false,""
"//ping_reviveYoureWelcome   (disabled 14.0)","revenant","crypto","","diag_mp_revenant_ping_reviveYoureWelcome_calm_condCrypto",true,false,""
"","","","","",false,false,""
"//S11","","","","",false,false,""
"ping_thanks","bloodhound","fuse","","diag_mp_bloodhound_ping_thanks_condFuse",true,false,""
"ping_youreWelcome","bloodhound","fuse","","diag_mp_bloodhound_ping_youreWelcome_calm_condFuse",true,false,""
"//bc_revivingPlayer (disabled 12.0)","crypto","ash","","diag_mp_crypto_bc_revivingPlayer_condAsh_%perspective%",true,false,""
"//ping_deathBox (disabled 12.0)","crypto","ash","","diag_mp_crypto_ping_deathBox_calm_condAsh",true,false,""
"//ping_reviveYoureWelcome (disabled 12.0)","crypto","ash","","diag_mp_crypto_ping_reviveYoureWelcome_calm_condAsh",true,false,""
"//ping_thanks (disabled 12.0)","crypto","horizon","","diag_mp_crypto_ping_thanks_condHorizon",true,false,""
"ping_thanks","fuse","bloodhound","","diag_mp_fuse_ping_thanks_condBloodhound",true,false,""
"ping_thanks","fuse","lifeline","","diag_mp_fuse_ping_thanks_condLifeline",true,false,""
"ping_youreWelcome","fuse","bloodhound","","diag_mp_fuse_ping_youreWelcome_calm_condBloodhound",true,false,""
"bc_revivingPlayer","gibraltar","ash","","diag_mp_gibraltar_bc_revivingPlayer_condAsh_%perspective%",true,false,""
"ping_reviveYoureWelcome","gibraltar","ash","","diag_mp_gibraltar_ping_reviveYoureWelcome_calm_condAsh",true,false,""
"//ping_youreWelcome (disabled 12.0)","gibraltar","pathfinder","","diag_mp_gibraltar_ping_youreWelcome_calm_condPathfinder",true,false,""
"//ping_thanks (disabled 12.0)","horizon","revenant","","diag_mp_horizon_ping_thanks_condRevenant",true,false,""
"//ping_youreWelcome (disabled 12.0)","horizon","crypto","","diag_mp_horizon_ping_youreWelcome_calm_condCrypto",true,false,""
"//ping_youreWelcome (disabled 12.0)","horizon","revenant","","diag_mp_horizon_ping_youreWelcome_calm_condRevenant",true,false,""
"//ping_youreWelcome (disabled 12.0)","horizon","wattson","","diag_mp_horizon_ping_youreWelcome_calm_condWattson",true,false,""
"//bc_reviveThanks (disabled 12.0)","lifeline","pathfinder","","diag_mp_lifeline_bc_reviveThanks_condPathfinder_%perspective%",true,false,""
"bc_reviveThanks","lifeline","seer","","diag_mp_lifeline_bc_reviveThanks_condSeer_%perspective%",true,false,""
"//bc_revivingPlayer (disabled 12.0)","lifeline","pathfinder","","diag_mp_lifeline_bc_revivingPlayer_condPathfinder_%perspective%",true,false,""
"//ping_reviveYoureWelcome (disabled 12.0)","lifeline","pathfinder","","diag_mp_lifeline_ping_reviveYoureWelcome_calm_condPathfinder",true,false,""
"ping_youreWelcome","lifeline","fuse","","diag_mp_lifeline_ping_youreWelcome_calm_condFuse",true,false,""
"//ping_youreWelcome (disabled 12.0)","loba","ash","","diag_mp_loba_ping_youreWelcome_calm_condAsh",true,false,""
"bc_reviveThanks","pathfinder","ash","","diag_mp_pathfinder_bc_reviveThanks_condAsh_%perspective%",true,false,""
"//bc_reviveThanks (disabled 12.0)","pathfinder","lifeline","","diag_mp_pathfinder_bc_reviveThanks_condLifeline_%perspective%",true,false,""
"bc_revivingPlayer","pathfinder","ash","","diag_mp_pathfinder_bc_revivingPlayer_condAsh_%perspective%",true,false,""
"//bc_revivingPlayer (disabled 12.0)","pathfinder","lifeline","","diag_mp_pathfinder_bc_revivingPlayer_condLifeline_%perspective%",true,false,""
"ping_reviveYoureWelcome","pathfinder","ash","","diag_mp_pathfinder_ping_reviveYoureWelcome_calm_condAsh",true,false,""
"//ping_reviveYoureWelcome (disabled 12.0)","pathfinder","lifeline","","diag_mp_pathfinder_ping_reviveYoureWelcome_calm_condLifeline",true,false,""
"ping_thanks","pathfinder","ash","","diag_mp_pathfinder_ping_thanks_condAsh",true,false,""
"//ping_thanks (disabled 12.0)","pathfinder","gibraltar","","diag_mp_pathfinder_ping_thanks_condGibraltar",true,false,""
"ping_youreWelcome","pathfinder","ash","","diag_mp_pathfinder_ping_youreWelcome_calm_condAsh",true,false,""
"bc_reviveThanks","revenant","ash","","diag_mp_revenant_bc_reviveThanks_condAsh_%perspective%",true,false,""
"bc_revivingPlayer","revenant","ash","","diag_mp_revenant_bc_revivingPlayer_condAsh_%perspective%",true,false,""
"ping_reviveYoureWelcome","revenant","ash","","diag_mp_revenant_ping_reviveYoureWelcome_calm_condAsh",true,false,""
"//ping_thanks (disabled 12.0)","revenant","horizon","","diag_mp_revenant_ping_thanks_condHorizon",true,false,""
"//ping_youreWelcome (disabled 12.0)","revenant","horizon","","diag_mp_revenant_ping_youreWelcome_calm_condHorizon",true,false,""
"bc_revivingPlayer","seer","lifeline","","diag_mp_seer_bc_revivingPlayer_condLifeline_%perspective%",true,false,""
"ping_reviveYoureWelcome","seer","lifeline","","diag_mp_seer_ping_reviveYoureWelcome_calm_condLifeline",true,false,""
"//ping_phaseTear (disabled 12.0)","wattson","wraith","","diag_mp_wattson_ping_phaseTear_calmFar_condWraith",false,false,""
"ping_spotSpiderEgg","wattson","crypto","","diag_mp_wattson_ping_spotSpiderEgg_calm_condCrypto",false,false,""
"//ping_thanks (disabled 12.0)","wattson","ash","","diag_mp_wattson_ping_thanks_condAsh",true,false,""
"//ping_thanks (disabled 12.0)","wattson","horizon","","diag_mp_wattson_ping_thanks_condHorizon",true,false,""
"","","","","",false,false,""
"bc_arenasMatchPointEnemy","horizon","ash","","diag_mp_horizon_bc_arenasMatchPointEnemy_condAsh_%perspective%",true,false,""
"bc_arenasMatchPointSquad","horizon","ash","","diag_mp_horizon_bc_arenasMatchPointSquad_condAsh_%perspective%",true,false,""
"bc_circleClosingFinal","horizon","ash","","diag_mp_horizon_bc_circleClosingFinal_condAsh_%perspective%",true,false,""
"bc_circleMovesNag10Sec_close","horizon","ash","","diag_mp_horizon_bc_circleMovesNag10Sec_close_condAsh_%perspective%",true,false,""
"bc_circleMovesNag1Min_close","horizon","ash","","diag_mp_horizon_bc_circleMovesNag1Min_close_condAsh_%perspective%",true,false,""
"bc_circleMovesNag30Sec_close","horizon","ash","","diag_mp_horizon_bc_circleMovesNag30Sec_close_condAsh_%perspective%",true,false,""
"bc_circleMovesNag45Sec_close","horizon","ash","","diag_mp_horizon_bc_circleMovesNag45Sec_close_condAsh_%perspective%",true,false,""
"bc_circleMoving_allOutside","horizon","ash","","diag_mp_horizon_bc_circleMoving_allOutside_condAsh_%perspective%",true,false,""
"bc_circleTimerStartFinal","horizon","ash","","diag_mp_horizon_bc_circleTimerStartFinal_condAsh_%perspective%",true,false,""
"bc_congratsKill","horizon","ash","","diag_mp_horizon_bc_congratsKill_condAsh_%perspective%",true,true,""
"bc_droppingCarePack","horizon","ash","","diag_mp_horizon_bc_droppingCarePack_condAsh_%perspective%",true,false,""
"bc_gotFriendlyBanner","horizon","ash","","diag_mp_horizon_bc_gotFriendlyBanner_condAsh_%perspective%",true,false,""
"bc_killLeaderNew","horizon","ash","","diag_mp_horizon_bc_killLeaderNew_condAsh_%perspective%",true,false,""
"bc_nextCircleFar","horizon","ash","","diag_mp_horizon_bc_nextCircleFar_condAsh_%perspective%",true,false,""
"bc_podLeaderLaunch","horizon","ash","","diag_mp_horizon_bc_podLeaderLaunch_condAsh_%perspective%",true,false,""
"bc_reviveThanks","horizon","ash","","diag_mp_horizon_bc_reviveThanks_condAsh_%perspective%",true,false,""
"bc_revivingPlayer","horizon","ash","","diag_mp_horizon_bc_revivingPlayer_condAsh_%perspective%",true,false,""
"bc_scatteredNag","horizon","ash","","diag_mp_horizon_bc_scatteredNag_condAsh_%perspective%",true,false,""
"bc_squadmateBecomesKillLeader","horizon","ash","","diag_mp_horizon_bc_squadmateBecomesKillLeader_condAsh_%perspective%",true,true,""
"bc_squadsLeft2","horizon","ash","","diag_mp_horizon_bc_squadsLeft2_condAsh_%perspective%",true,false,""
"bc_squadsLeft3","horizon","ash","","diag_mp_horizon_bc_squadsLeft3_condAsh_%perspective%",true,false,""
"bc_squadsLeftHalf","horizon","ash","","diag_mp_horizon_bc_squadsLeftHalf_condAsh_%perspective%",true,false,""
"bc_tridentEnter","horizon","ash","","diag_mp_horizon_bc_tridentEnter_condAsh_%perspective%",true,false,""
"bc_tridentJoin","horizon","ash","","diag_mp_horizon_bc_tridentJoin_condAsh_%perspective%",true,true,""
"bc_twoSquaddiesLeft","horizon","ash","","diag_mp_horizon_bc_twoSquaddiesLeft_condAsh_%perspective%",true,false,""
"bc_weKilledChampion","horizon","ash","","diag_mp_horizon_bc_weKilledChampion_condAsh_%perspective%",true,false,""
"bc_weKilledKillLeader","horizon","ash","","diag_mp_horizon_bc_weKilledKillLeader_condAsh_%perspective%",true,false,""
"bc_weTookFirstBlood","horizon","ash","","diag_mp_horizon_bc_weTookFirstBlood_condAsh_%perspective%",true,false,""
"ping_cluePresence","horizon","ash","","diag_mp_horizon_ping_cluePresence_calmFar_condAsh",true,false,""
"ping_deathBox","horizon","ash","","diag_mp_horizon_ping_deathBox_calm_condAsh",true,false,""
"ping_explosiveHoldRequest","horizon","ash","","diag_mp_horizon_ping_explosiveHoldRequest_calm_condAsh",true,false,""
"ping_grabCard","horizon","ash","","diag_mp_horizon_ping_grabCard_calm_condAsh",true,false,""
"ping_markerNo","horizon","ash","","diag_mp_horizon_ping_markerNo_calm_condAsh",true,false,""
"ping_markerRedact","horizon","ash","","diag_mp_horizon_ping_markerRedact_calm_condAsh",true,false,""
"ping_markerWait","horizon","ash","","diag_mp_horizon_ping_markerWait_calm_condAsh",true,false,""
"ping_markerWantThat","horizon","ash","","diag_mp_horizon_ping_markerWantThat_calm_condAsh",true,false,""
"ping_markerYes","horizon","ash","","diag_mp_horizon_ping_markerYes_calm_condAsh",true,false,""
"ping_reviveYoureWelcome","horizon","ash","","diag_mp_horizon_ping_reviveYoureWelcome_calm_condAsh",true,false,""
"ping_thanks","horizon","ash","","diag_mp_horizon_ping_thanks_condAsh",true,false,""
"ping_youreWelcome","horizon","ash","","diag_mp_horizon_ping_youreWelcome_calm_condAsh",true,false,""
"","","","","",false,false,""
"//bc_reviveThanks (disabled 12.0)","ash","crypto","","diag_mp_ash_bc_reviveThanks_condCrypto_%perspective%",true,false,""
"bc_reviveThanks","ash","gibraltar","","diag_mp_ash_bc_reviveThanks_condGibraltar_%perspective%",true,false,""
"bc_reviveThanks","ash","horizon","","diag_mp_ash_bc_reviveThanks_condHorizon_%perspective%",true,false,""
"bc_reviveThanks","ash","pathfinder","","diag_mp_ash_bc_reviveThanks_condPathfinder_%perspective%",true,false,""
"bc_reviveThanks","ash","revenant","","diag_mp_ash_bc_reviveThanks_condRevenant_%perspective%",true,false,""
"bc_revivingPlayer","ash","horizon","","diag_mp_ash_bc_revivingPlayer_condHorizon_%perspective%",true,false,""
"bc_revivingPlayer","ash","pathfinder","","diag_mp_ash_bc_revivingPlayer_condPathfinder_%perspective%",true,false,""
"bc_revivingPlayer","ash","revenant","","diag_mp_ash_bc_revivingPlayer_condRevenant_%perspective%",true,false,""
"bc_tridentEnter","ash","horizon","","diag_mp_ash_bc_tridentEnter_condHorizon_%perspective%",true,false,""
"bc_tridentJoin","ash","horizon","","diag_mp_ash_bc_tridentJoin_condHorizon_%perspective%",true,true,""
"bc_twoSquaddiesLeft","ash","pathfinder","","diag_mp_ash_bc_twoSquaddiesLeft_condPathfinder_%perspective%",false,false,""
"ping_reviveYoureWelcome","ash","horizon","","diag_mp_ash_ping_reviveYoureWelcome_calm_condHorizon",true,false,""
"ping_reviveYoureWelcome","ash","pathfinder","","diag_mp_ash_ping_reviveYoureWelcome_calm_condPathfinder",true,false,""
"ping_reviveYoureWelcome","ash","revenant","","diag_mp_ash_ping_reviveYoureWelcome_calm_condRevenant",true,false,""
"ping_thanks","ash","horizon","","diag_mp_ash_ping_thanks_condHorizon",true,false,""
"//ping_thanks (disabled 12.0)","ash","loba","","diag_mp_ash_ping_thanks_condLoba",true,false,""
"ping_thanks","ash","pathfinder","","diag_mp_ash_ping_thanks_condPathfinder",true,false,""
"ping_youreWelcome","ash","horizon","","diag_mp_ash_ping_youreWelcome_calm_condHorizon",true,false,""
"ping_youreWelcome","ash","pathfinder","","diag_mp_ash_ping_youreWelcome_calm_condPathfinder",true,false,""
"//ping_youreWelcome (disabled 12.0)","ash","wattson","","diag_mp_ash_ping_youreWelcome_calm_condWattson",true,false,""
"","","","","",false,false,""
"//S12","","","","",false,false,""
"bc_revivingPlayer","ash","gibraltar","","diag_mp_ash_bc_revivingPlayer_condGibraltar_%perspective%",true,false,""
"ping_reviveYoureWelcome","ash","gibraltar","","diag_mp_ash_ping_reviveYoureWelcome_calm_condGibraltar",true,false,""
"//bc_reviveThanks   (disabled 14.0)","bangalore","wraith","","diag_mp_bangalore_bc_reviveThanks_condWraith_%perspective%",true,false,""
"//bc_revivingPlayer   (disabled 12.1)","bangalore","wraith","","diag_mp_bangalore_bc_revivingPlayer_condWraith_%perspective%",true,false,""
"//ping_reviveYoureWelcome   (disabled 12.1)","bangalore","wraith","","diag_mp_bangalore_ping_reviveYoureWelcome_calm_condWraith",true,false,""
"//ping_thanks   (disabled 13.0)","bloodhound","madmaggie","","diag_mp_bloodhound_ping_thanks_condMadMaggie",true,false,""
"//ping_youreWelcome   (disabled 13.0)","bloodhound","madmaggie","","diag_mp_bloodhound_ping_youreWelcome_calm_condMadMaggie",true,false,""
"bc_revivingPlayer","crypto","octane","","diag_mp_crypto_bc_revivingPlayer_condOctane_%perspective%",true,false,""
"ping_reviveYoureWelcome","crypto","octane","","diag_mp_crypto_ping_reviveYoureWelcome_calm_condOctane",true,false,""
"bc_reviveThanks","gibraltar","ash","","diag_mp_gibraltar_bc_reviveThanks_condAsh_%perspective%",true,false,""
"bc_reviveThanks","lifeline","madmaggie","","diag_mp_lifeline_bc_reviveThanks_condMadMaggie_%perspective%",true,false,""
"//ping_thanks   (disabled 14.0)","loba","bangalore","","diag_mp_loba_ping_thanks_condBangalore",true,false,""
"bc_reviveThanks","octane","crypto","","diag_mp_octane_bc_reviveThanks_condCrypto_%perspective%",true,false,""
"ping_reviveYoureWelcome","revenant","loba","","diag_mp_revenant_ping_reviveYoureWelcome_calm_condLoba",true,false,""
"//bc_reviveThanks   (disabled 12.1)","wraith","bangalore","","diag_mp_wraith_bc_reviveThanks_condBangalore_%perspective%",true,false,""
"//bc_revivingPlayer   (disabled 14.0)","wraith","bangalore","","diag_mp_wraith_bc_revivingPlayer_condBangalore_%perspective%",true,false,""
"//ping_reviveYoureWelcome   (disabled 14.0)","wraith","bangalore","","diag_mp_wraith_ping_reviveYoureWelcome_calm_condBangalore",true,false,""
"","","","","",false,false,""
"bc_reviveThanks","madmaggie","fuse","","diag_mp_madmaggie_bc_reviveThanks_condFuse_%perspective%",true,false,""
"bc_revivingPlayer","madmaggie","fuse","","diag_mp_madmaggie_bc_revivingPlayer_condFuse_%perspective%",true,false,""
"bc_revivingPlayer","madmaggie","lifeline","","diag_mp_madmaggie_bc_revivingPlayer_condLifeline_%perspective%",true,false,""
"bc_tridentEnter","madmaggie","fuse","","diag_mp_madmaggie_bc_tridentEnter_condFuse_%perspective%",true,false,""
"bc_tridentJoin","madmaggie","fuse","","diag_mp_madmaggie_bc_tridentJoin_condFuse_%perspective%",true,true,""
"ping_foundFrag","madmaggie","fuse","","diag_mp_madmaggie_ping_foundFrag_calm_condFuse",true,false,""
"ping_mrvnArm","madmaggie","fuse","","diag_mp_madmaggie_ping_mrvnArm_calm_condFuse",true,false,""
"ping_reviveYoureWelcome","madmaggie","fuse","","diag_mp_madmaggie_ping_reviveYoureWelcome_calm_condFuse",true,false,""
"//ping_thanks   (disabled 13.0)","madmaggie","bloodhound","","diag_mp_madmaggie_ping_thanks_condBloodhound",true,false,""
"ping_thanks","madmaggie","fuse","","diag_mp_madmaggie_ping_thanks_condFuse",true,false,""
"//ping_youreWelcome   (disabled 13.0)","madmaggie","bloodhound","","diag_mp_madmaggie_ping_youreWelcome_calm_condBloodhound",true,false,""
"ping_youreWelcome","madmaggie","fuse","","diag_mp_madmaggie_ping_youreWelcome_calm_condFuse",true,false,""
"//ping_youreWelcome   (disabled 13.0)","madmaggie","lifeline","","diag_mp_madmaggie_ping_youreWelcome_calm_condLifeline",true,false,""
"","","","","",false,false,""
"bc_frag","fuse","madmaggie","","diag_mp_fuse_bc_frag_condMadMaggie_%perspective%",false,false,""
"bc_fuse_frag","fuse","madmaggie","","diag_mp_fuse_bc_frag_alt_condMadMaggie_%perspective%",false,false,""
"bc_reviveThanks","fuse","madmaggie","","diag_mp_fuse_bc_reviveThanks_condMadMaggie_%perspective%",true,false,""
"bc_revivingPlayer","fuse","madmaggie","","diag_mp_fuse_bc_revivingPlayer_condMadMaggie_%perspective%",true,false,""
"bc_ringFlareOpeningNear","fuse","madmaggie","","diag_mp_fuse_bc_ringFlareOpeningNear_condMadMaggie_%perspective%",true,false,""
"bc_super","fuse","madmaggie","","diag_mp_fuse_bc_super_condMadMaggie_%perspective%",false,false,""
"bc_tridentEnter","fuse","madmaggie","","diag_mp_fuse_bc_tridentEnter_condMadMaggie_%perspective%",true,false,""
"bc_tridentJoin","fuse","madmaggie","","diag_mp_fuse_bc_tridentJoin_condMadMaggie_%perspective%",true,true,""
"ping_foundFrag","fuse","madmaggie","","diag_mp_fuse_ping_foundFrag_calm_condMadMaggie",true,false,""
"ping_mrvnArm","fuse","madmaggie","","diag_mp_fuse_ping_mrvnArm_calm_condMadMaggie",true,false,""
"ping_reviveYoureWelcome","fuse","madmaggie","","diag_mp_fuse_ping_reviveYoureWelcome_calm_condMadMaggie",true,false,""
"ping_thanks","fuse","madmaggie","","diag_mp_fuse_ping_thanks_condMadMaggie",true,false,""
"ping_youreWelcome","fuse","madmaggie","","diag_mp_fuse_ping_youreWelcome_calm_condMadMaggie",true,false,""
"","","","","",false,false,""
"//S12.1","","","","",false,false,""
"ping_reviveYoureWelcome","lifeline","octane","","diag_mp_lifeline_ping_reviveYoureWelcome_calm_condOctane",true,false,""
"ping_reviveYoureWelcome","octane","lifeline","","diag_mp_octane_ping_reviveYoureWelcome_calm_condLifeline",true,false,""
"","","","","",false,false,""
"//S13","","","","",false,false,""
"ping_youreWelcome","ash","valkyrie","","diag_mp_ash_ping_youreWelcome_calm_condValkyrie",true,false,""
"bc_reviveThanks","bangalore","newcastle","","diag_mp_bangalore_bc_reviveThanks_condNewcastle_%perspective%",true,false,""
"//bc_reviveThanks   (disabled 14.0)","bangalore","revenant","","diag_mp_bangalore_bc_reviveThanks_condRevenant_%perspective%",true,false,""
"bc_revivingPlayer","bangalore","newcastle","","diag_mp_bangalore_bc_revivingPlayer_condNewcastle_%perspective%",true,false,""
"//bc_revivingPlayer   (disabled 14.0)","bangalore","revenant","","diag_mp_bangalore_bc_revivingPlayer_condRevenant_%perspective%",true,false,""
"ping_markerComingToHelp","bangalore","newcastle","","diag_mp_bangalore_ping_markerComingToHelp_calm_condNewcastle",true,false,""
"ping_reviveYoureWelcome","bangalore","newcastle","","diag_mp_bangalore_ping_reviveYoureWelcome_calm_condNewcastle",true,false,""
"//ping_reviveYoureWelcome   (disabled 14.0)","bangalore","revenant","","diag_mp_bangalore_ping_reviveYoureWelcome_calm_condRevenant",true,false,""
"ping_thanks","bangalore","newcastle","","diag_mp_bangalore_ping_thanks_condNewcastle",true,false,""
"ping_youreWelcome","bangalore","newcastle","","diag_mp_bangalore_ping_youreWelcome_calm_condNewcastle",true,false,""
"bc_revivingPlayer","lifeline","madmaggie","","diag_mp_lifeline_bc_revivingPlayer_condMadMaggie_%perspective%",true,false,""
"ping_reviveYoureWelcome","lifeline","madmaggie","","diag_mp_lifeline_ping_reviveYoureWelcome_calm_condMadMaggie",true,false,""
"bc_reviveThanks","madmaggie","lifeline","","diag_mp_madmaggie_bc_reviveThanks_condLifeline_%perspective%",true,false,""
"ping_reviveYoureWelcome","madmaggie","lifeline","","diag_mp_madmaggie_ping_reviveYoureWelcome_calm_condLifeline",true,false,""
"bc_reviveThanks","newcastle","bangalore","","diag_mp_newcastle_bc_reviveThanks_condBangalore",true,false,""
"bc_revivingPlayer","newcastle","bangalore","","diag_mp_newcastle_bc_revivingPlayer_condBangalore",true,false,""
"ping_markerComingToHelp","newcastle","bangalore","","diag_mp_newcastle_ping_markerComingToHelp_calm_condBangalore",true,false,""
"ping_reviveYoureWelcome","newcastle","bangalore","","diag_mp_newcastle_ping_reviveYoureWelcome_calm_condBangalore",true,false,""
"ping_thanks","newcastle","bangalore","","diag_mp_newcastle_ping_thanks_condBangalore",true,false,""
"//ping_thanks   (disabled 14.0)","newcastle","valkyrie","","diag_mp_newcastle_ping_thanks_condValkyrie",true,false,""
"ping_thanks","newcastle","wraith","","diag_mp_newcastle_ping_thanks_condWraith",true,false,""
"ping_youreWelcome","newcastle","bangalore","","diag_mp_newcastle_ping_youreWelcome_calm_condBangalore",true,false,""
"//ping_youreWelcome   (disabled 14.0)","newcastle","valkyrie","","diag_mp_newcastle_ping_youreWelcome_calm_condValkyrie",true,false,""
"ping_youreWelcome","newcastle","wraith","","diag_mp_newcastle_ping_youreWelcome_calm_condWraith",true,false,""
"//bc_reviveThanks   (disabled 14.0)","revenant","bangalore","","diag_mp_revenant_bc_reviveThanks_condBangalore_%perspective%",true,false,""
"//bc_revivingPlayer   (disabled 14.0)","revenant","bangalore","","diag_mp_revenant_bc_revivingPlayer_condBangalore_%perspective%",true,false,""
"//ping_reviveYoureWelcome   (disabled 14.0)","revenant","bangalore","","diag_mp_revenant_ping_reviveYoureWelcome_calm_condBangalore",true,false,""
"ping_thanks","valkyrie","ash","","diag_mp_valkyrie_ping_thanks_condAsh",true,false,""
"//ping_thanks   (disabled 14.0)","valkyrie","newcastle","","diag_mp_valkyrie_ping_thanks_condNewcastle",true,false,""
"//ping_youreWelcome   (disabled 14.0)","valkyrie","newcastle","","diag_mp_valkyrie_ping_youreWelcome_calm_condNewcastle",true,false,""
"ping_thanks","wraith","newcastle","","diag_mp_wraith_ping_thanks_condNewcastle",true,false,""
"ping_youreWelcome","wraith","newcastle","","diag_mp_wraith_ping_youreWelcome_calm_condNewcastle",true,false,""
"","","","","",false,false,""
"//S13.1","","","","",false,false,""
"//ping_thanks   (disabled 14.0)","fuse","seer","","diag_mp_fuse_ping_thanks_condSeer",true,false,""
"ping_thanks","octane","seer","","diag_mp_octane_ping_thanks_condSeer",true,false,""
"//ping_thanks   (disabled 16.0)","rampart","seer","","diag_mp_rampart_ping_thanks_condSeer",true,false,""
"//ping_youreWelcome   (disabled 14.0)","seer","fuse","","diag_mp_seer_ping_youreWelcome_calm_condFuse",true,false,""
"ping_youreWelcome","seer","octane","","diag_mp_seer_ping_youreWelcome_calm_condOctane",true,false,""
"//ping_youreWelcome   (disabled 16.0)","seer","rampart","","diag_mp_seer_ping_youreWelcome_calm_condRampart",true,false,""
"","","","","",false,false,""
"//S14","","","","",false,false,""
"//ping_thanks   (disalbed 15.0)","bloodhound","vantage","","diag_mp_bloodhound_ping_thanks_condVantage",true,false,""
"//ping_youreWelcome   (disabled 15.0)","bloodhound","vantage","","diag_mp_bloodhound_ping_youreWelcome_calm_condVantage",true,false,""
"//ping_thanks   (disabled 15.0)","lifeline","vantage","","diag_mp_lifeline_ping_thanks_condVantage",true,false,""
"//ping_youreWelcome   (disabled 15.0)","lifeline","vantage","","diag_mp_lifeline_ping_youreWelcome_calm_condVantage",true,false,""
"//ping_thanks   (disabled 15.0)","madmaggie","vantage","","diag_mp_madmaggie_ping_thanks_condVantage",true,false,""
"//ping_youreWelcome   (disabled 15.0)","madmaggie","vantage","","diag_mp_madmaggie_ping_youreWelcome_calm_condVantage",true,false,""
"ping_thanks","mirage","newcastle","","diag_mp_mirage_ping_thanks_condNewcastle",true,false,""
"//ping_thanks   (disalbed 14.1)","mirage","pathfinder","","diag_mp_mirage_ping_thanks_condPathfinder",true,false,""
"//ping_thanks   (disabled 15.0)","mirage","vantage","","diag_mp_mirage_ping_thanks_condVantage",true,false,""
"ping_youreWelcome","mirage","newcastle","","diag_mp_mirage_ping_youreWelcome_calm_condNewcastle",true,false,""
"//ping_youreWelcome   (disabled 15.0)","mirage","vantage","","diag_mp_mirage_ping_youreWelcome_calm_condVantage",true,false,""
"ping_thanks","newcastle","mirage","","diag_mp_newcastle_ping_thanks_condMirage",true,false,""
"ping_youreWelcome","newcastle","mirage","","diag_mp_newcastle_ping_youreWelcome_calm_condMirage",true,false,""
"//ping_youreWelcome   (disabled 14.1)","pathfinder","mirage","","diag_mp_pathfinder_ping_youreWelcome_calm_condMirage",true,false,""
"//bc_reviveThanks   (disabled 14.1)","rampart","seer","","diag_mp_rampart_bc_reviveThanks_condSeer_%perspective%",true,false,""
"//bc_revivingPlayer   (disabled 14.1)","rampart","seer","","diag_mp_rampart_bc_revivingPlayer_condSeer_%perspective%",true,false,""
"//ping_reviveYoureWelcome   (disabled 14.1)","rampart","seer","","diag_mp_rampart_ping_reviveYoureWelcome_calm_condSeer",true,false,""
"//ping_thanks   (disalbed 14.1)","revenant","seer","","diag_mp_revenant_ping_thanks_condSeer",true,false,""
"//bc_reviveThanks   (disabled 14.1)","seer","rampart","","diag_mp_seer_bc_reviveThanks_condRampart_%perspective%",true,false,""
"//bc_revivingPlayer   (disabled 14.1)","seer","rampart","","diag_mp_seer_bc_revivingPlayer_condRampart_%perspective%",true,false,""
"//ping_reviveYoureWelcome   (disabled 14.1)","seer","rampart","","diag_mp_seer_ping_reviveYoureWelcome_calm_condRampart",true,false,""
"//ping_youreWelcome   (disabled 14.1)","seer","revenant","","diag_mp_seer_ping_youreWelcome_calm_condRevenant",true,false,""
"//ping_thanks   (disabled 15.0)","vantage","bloodhound","","diag_mp_vantage_ping_thanks_condBloodhound",true,false,""
"//ping_thanks   (disabled 15.0)","vantage","lifeline","","diag_mp_vantage_ping_thanks_condLifeline",true,false,""
"//ping_thanks   (disabled 15.0)","vantage","madmaggie","","diag_mp_vantage_ping_thanks_condMadMaggie",true,false,""
"//ping_thanks   (disabled 15.0)","vantage","mirage","","diag_mp_vantage_ping_thanks_condMirage",true,false,""
"//ping_youreWelcome   (disabled 15.0)","vantage","bloodhound","","diag_mp_vantage_ping_youreWelcome_calm_condBloodhound",true,false,""
"//ping_youreWelcome   (disabled 15.0)","vantage","lifeline","","diag_mp_vantage_ping_youreWelcome_calm_condLifeline",true,false,""
"//ping_youreWelcome   (disabled 15.0)","vantage","madmaggie","","diag_mp_vantage_ping_youreWelcome_calm_condMadMaggie",true,false,""
"//ping_youreWelcome   (disabled 15.0)","vantage","mirage","","diag_mp_vantage_ping_youreWelcome_calm_condMirage",true,false,""
"","","","","",false,false,""
"//S14.1","","","","",false,false,""
"//ping_youreWelcome   (disabled 16.0)","rampart","seer","","diag_mp_rampart_ping_youreWelcome_calm_condSeer",true,false,""
"//ping_thanks   (disabled 16.0)","seer","rampart","","diag_mp_seer_ping_thanks_condRampart",true,false,""
"","","","","",false,false,""
"//S15","","","","",false,false,""
"bc_circleMovesNag45Sec_far","bangalore","bloodhound","","diag_mp_bangalore_bc_circleMovesNag45Sec_far_condBloodhound_%perspective%",true,false,""
"bc_ctrlLockoutBeginDisadvantage","bangalore","bloodhound","","diag_mp_bangalore_bc_ctrlLockoutBeginDisadvantage_condBloodhound_%perspective%",true,false,""
"bc_nextCircleFar","bangalore","bloodhound","","diag_mp_bangalore_bc_nextCircleFar_condBloodhound_%perspective%",true,false,""
"ping_foundtreasurepack","bangalore","bloodhound","","diag_mp_bangalore_ping_foundTreasurePack_calm_condBloodhound",true,false,""
"//ping_thanks   (disabled 16.0)","bloodhound","catalyst","","diag_mp_bloodhound_ping_thanks_condCatalyst",true,false,""
"//ping_youreWelcome   (disabled 16.0)","bloodhound","catalyst","","diag_mp_bloodhound_ping_youreWelcome_calm_condCatalyst",true,false,""
"bc_reviveThanks","catalyst","seer","","diag_mp_catalyst_bc_reviveThanks_condSeer_%perspective%",true,false,""
"bc_revivingPlayer","catalyst","seer","","diag_mp_catalyst_bc_revivingPlayer_condSeer_%perspective%",true,false,""
"ping_reviveYoureWelcome","catalyst","seer","","diag_mp_catalyst_ping_reviveYoureWelcome_calm_condSeer",true,false,""
"//ping_thanks   (disabled 16.0)","catalyst","bloodhound","","diag_mp_catalyst_ping_thanks_condBloodhound",true,false,""
"ping_thanks","catalyst","horizon","","diag_mp_catalyst_ping_thanks_condHorizon",true,false,""
"//ping_thanks   (disabled 16.0)","catalyst","loba","","diag_mp_catalyst_ping_thanks_condLoba",true,false,""
"//ping_thanks   (disabled 16.0)","catalyst","seer","","diag_mp_catalyst_ping_thanks_condSeer",true,false,""
"//ping_youreWelcome   (disabled 16.0)","catalyst","bloodhound","","diag_mp_catalyst_ping_youreWelcome_calm_condBloodhound",true,false,""
"ping_youreWelcome","catalyst","horizon","","diag_mp_catalyst_ping_youreWelcome_calm_condHorizon",true,false,""
"//ping_youreWelcome   (disabled 16.0)","catalyst","loba","","diag_mp_catalyst_ping_youreWelcome_calm_condLoba",true,false,""
"//ping_youreWelcome   (disabled 16.0)","catalyst","seer","","diag_mp_catalyst_ping_youreWelcome_calm_condSeer",true,false,""
"//ping_thanks   (disabled 16.0)","crypto","wattson","","diag_mp_crypto_ping_thanks_condWattson",true,false,""
"bc_arenasMatchStart","fuse","catalyst","","diag_mp_fuse_bc_arenasMatchStart_condGenderNeutral_%perspective%",true,false,""
"bc_hackingArmory","fuse","bloodhound","","diag_mp_fuse_bc_armoryHack_condGenderNeutral_%perspective%",true,false,""
"bc_hackingArmory","fuse","catalyst","","diag_mp_fuse_bc_armoryHack_condGenderNeutral_%perspective%",true,false,""
"bc_circleMovesNag1Min_close","fuse","bloodhound","","diag_mp_fuse_bc_circleMovesNag1Min_close_condGenderNeutral_%perspective%",true,false,""
"bc_circleMovesNag1Min_close","fuse","catalyst","","diag_mp_fuse_bc_circleMovesNag1Min_close_condGenderNeutral_%perspective%",true,false,""
"bc_circleMovesNag1Min_far","fuse","bloodhound","","diag_mp_fuse_bc_circleMovesNag1Min_far_condGenderNeutral_%perspective%",true,false,""
"bc_circleMovesNag1Min_far","fuse","catalyst","","diag_mp_fuse_bc_circleMovesNag1Min_far_condGenderNeutral_%perspective%",true,false,""
"bc_circleMoving_allOutside","fuse","bloodhound","","diag_mp_fuse_bc_circleMoving_allOutside_condGenderNeutral_%perspective%",true,false,""
"bc_circleMoving_allOutside","fuse","catalyst","","diag_mp_fuse_bc_circleMoving_allOutside_condGenderNeutral_%perspective%",true,false,""
"bc_circleTimerStartFinal","fuse","bloodhound","","diag_mp_fuse_bc_circleTimerStartFinal_condGenderNeutral_%perspective%",true,false,""
"bc_circleTimerStartFinal","fuse","catalyst","","diag_mp_fuse_bc_circleTimerStartFinal_condGenderNeutral_%perspective%",true,false,""
"bc_control_bountyCaptured","fuse","bloodhound","","diag_mp_fuse_bc_ctrlCaptureBonusGot_condGenderNeutral_%perspective%",true,false,""
"bc_control_bountyCaptured","fuse","catalyst","","diag_mp_fuse_bc_ctrlCaptureBonusGot_condGenderNeutral_%perspective%",true,false,""
"bc_ctrlLockoutBeginAdvantage","fuse","bloodhound","","diag_mp_fuse_bc_ctrlLockoutBeginAdvantage_condGenderNeutral_%perspective%",true,false,""
"bc_ctrlLockoutBeginAdvantage","fuse","catalyst","","diag_mp_fuse_bc_ctrlLockoutBeginAdvantage_condGenderNeutral_%perspective%",true,false,""
"bc_healingPhoenix","fuse","bloodhound","","diag_mp_fuse_bc_healingPhoenix_condGenderNeutral_%perspective%",true,false,""
"bc_healingPhoenix","fuse","catalyst","","diag_mp_fuse_bc_healingPhoenix_condGenderNeutral_%perspective%",true,false,""
"bc_control_iBecomeRatingsLeader","fuse","bloodhound","","diag_mp_fuse_bc_iBecomeRatingsLeader_condGenderNeutral_%perspective%",true,false,""
"bc_control_iBecomeRatingsLeader","fuse","catalyst","","diag_mp_fuse_bc_iBecomeRatingsLeader_condGenderNeutral_%perspective%",true,false,""
"bc_imJumpmaster","fuse","bloodhound","","diag_mp_fuse_bc_imJumpmaster_condGenderNeutral_%perspective%",true,false,""
"bc_imJumpmaster","fuse","catalyst","","diag_mp_fuse_bc_imJumpmaster_condGenderNeutral_%perspective%",true,false,""
"bc_newCircle_wholeSquadNotInCircle","fuse","bloodhound","","diag_mp_fuse_bc_newCircle_wholeSquadNotInCircle_condGenderNeutral_%perspective%",true,false,""
"bc_newCircle_wholeSquadNotInCircle","fuse","catalyst","","diag_mp_fuse_bc_newCircle_wholeSquadNotInCircle_condGenderNeutral_%perspective%",true,false,""
"bc_objectiveLostSquad","fuse","bloodhound","","diag_mp_fuse_bc_objectiveLostSquad_condGenderNeutral_%perspective%",true,false,""
"bc_objectiveLostSquad","fuse","catalyst","","diag_mp_fuse_bc_objectiveLostSquad_condGenderNeutral_%perspective%",true,false,""
"bc_returnFromRespawn","fuse","bloodhound","","diag_mp_fuse_bc_returnFromRespawn_condGenderNeutral_%perspective%",true,false,""
"bc_returnFromRespawn","fuse","catalyst","","diag_mp_fuse_bc_returnFromRespawn_condGenderNeutral_%perspective%",true,false,""
"bc_scatteredNag","fuse","bloodhound","","diag_mp_fuse_bc_scatteredNag_condGenderNeutral_%perspective%",true,false,""
"bc_scatteredNag","fuse","catalyst","","diag_mp_fuse_bc_scatteredNag_condGenderNeutral_%perspective%",true,false,""
"bc_totemReturn","fuse","bloodhound","","diag_mp_fuse_bc_totemReturn_condGenderNeutral_%perspective%",true,false,""
"bc_totemReturn","fuse","catalyst","","diag_mp_fuse_bc_totemReturn_condGenderNeutral_%perspective%",true,false,""
"bc_vaultOpened","fuse","bloodhound","","diag_mp_fuse_bc_vaultOpened_condGenderNeutral_%perspective%",true,false,""
"bc_vaultOpened","fuse","catalyst","","diag_mp_fuse_bc_vaultOpened_condGenderNeutral_%perspective%",true,false,""
"bc_weKilledKillLeader","fuse","bloodhound","","diag_mp_fuse_bc_weKilledKillLeader_condGenderNeutral_%perspective%",true,false,""
"bc_weKilledKillLeader","fuse","catalyst","","diag_mp_fuse_bc_weKilledKillLeader_condGenderNeutral_%perspective%",true,false,""
"bc_weTookFirstBlood","fuse","bloodhound","","diag_mp_fuse_bc_weTookFirstBlood_condGenderNeutral_%perspective%",true,false,""
"bc_weTookFirstBlood","fuse","catalyst","","diag_mp_fuse_bc_weTookFirstBlood_condGenderNeutral_%perspective%",true,false,""
"ping_attackingHere","fuse","bloodhound","","diag_mp_fuse_ping_attackingHere_multiple_condGenderNeutral",true,false,""
"ping_attackingHere","fuse","catalyst","","diag_mp_fuse_ping_attackingHere_multiple_condGenderNeutral",true,false,""
"ping_blackhole","fuse","bloodhound","","diag_mp_fuse_ping_blackhole_calmFar_condGenderNeutral",true,false,""
"ping_blackhole","fuse","catalyst","","diag_mp_fuse_ping_blackhole_calmFar_condGenderNeutral",true,false,""
"ping_carePackage","fuse","bloodhound","","diag_mp_fuse_ping_carePackage_urgent_condGenderNeutral",true,false,""
"ping_carePackage","fuse","catalyst","","diag_mp_fuse_ping_carePackage_urgent_condGenderNeutral",true,false,""
"ping_celebrate","fuse","bloodhound","","diag_mp_fuse_ping_celebrate_calm_condGenderNeutral",true,false,""
"ping_celebrate","fuse","catalyst","","diag_mp_fuse_ping_celebrate_calm_condGenderNeutral",true,false,""
"ping_deathBox","fuse","bloodhound","","diag_mp_fuse_ping_deathBox_calm_condGenderNeutral",true,false,""
"ping_deathBox","fuse","catalyst","","diag_mp_fuse_ping_deathBox_calm_condGenderNeutral",true,false,""
"ping_defendingHere","fuse","bloodhound","","diag_mp_fuse_ping_defendingHere_multiple_condGenderNeutral",true,false,""
"ping_defendingHere","fuse","catalyst","","diag_mp_fuse_ping_defendingHere_multiple_condGenderNeutral",true,false,""
"ping_dooropen","fuse","bloodhound","","diag_mp_fuse_ping_doorOpen_urgent_condGenderNeutral",true,false,""
"ping_dooropen","fuse","catalyst","","diag_mp_fuse_ping_doorOpen_urgent_condGenderNeutral",true,false,""
"ping_dropship","fuse","bloodhound","","diag_mp_fuse_ping_dropship_urgent_condGenderNeutral",true,false,""
"ping_dropship","fuse","catalyst","","diag_mp_fuse_ping_dropship_urgent_condGenderNeutral",true,false,""
"ping_dropshipenter","fuse","bloodhound","","diag_mp_fuse_ping_dropshipEnter_calmFar_condGenderNeutral",true,false,""
"ping_dropshipenter","fuse","catalyst","","diag_mp_fuse_ping_dropshipEnter_calmFar_condGenderNeutral",true,false,""
"ping_enemyGas","fuse","bloodhound","","diag_mp_fuse_ping_enemyGas_calm_condGenderNeutral",true,false,""
"ping_enemyGas","fuse","catalyst","","diag_mp_fuse_ping_enemyGas_calm_condGenderNeutral",true,false,""
"ping_exploreGoPlayer","fuse","bloodhound","","diag_mp_fuse_ping_exploreGoPlayer_multiple_condGenderNeutral",true,false,""
"ping_exploreGoPlayer","fuse","catalyst","","diag_mp_fuse_ping_exploreGoPlayer_multiple_condGenderNeutral",true,false,""
"ping_foundAmmoShotgun","fuse","bloodhound","","diag_mp_fuse_ping_foundAmmoShotgun_calm_condGenderNeutral",true,false,""
"ping_foundAmmoShotgun","fuse","catalyst","","diag_mp_fuse_ping_foundAmmoShotgun_calm_condGenderNeutral",true,false,""
"ping_geyser","fuse","bloodhound","","diag_mp_fuse_ping_geyser_urgentFar_condGenderNeutral",true,false,""
"ping_geyser","fuse","catalyst","","diag_mp_fuse_ping_geyser_urgentFar_condGenderNeutral",true,false,""
"ping_interceptor","fuse","bloodhound","","diag_mp_fuse_ping_interceptor_calm_condGenderNeutral",true,false,""
"ping_interceptor","fuse","catalyst","","diag_mp_fuse_ping_interceptor_calm_condGenderNeutral",true,false,""
"ping_jumpTower","fuse","bloodhound","","diag_mp_fuse_ping_jumpTower_calmFar_condGenderNeutral",true,false,""
"ping_jumpTower","fuse","catalyst","","diag_mp_fuse_ping_jumpTower_calmFar_condGenderNeutral",true,false,""
"ping_lootingHere","fuse","bloodhound","","diag_mp_fuse_ping_lootingHere_urgentFar_condGenderNeutral",true,false,""
"ping_lootingHere","fuse","catalyst","","diag_mp_fuse_ping_lootingHere_urgentFar_condGenderNeutral",true,false,""
"ping_markerRedact","fuse","bloodhound","","diag_mp_fuse_ping_markerRedact_calm_condGenderNeutral",true,false,""
"ping_markerRedact","fuse","catalyst","","diag_mp_fuse_ping_markerRedact_calm_condGenderNeutral",true,false,""
"ping_markerWait","fuse","bloodhound","","diag_mp_fuse_ping_markerWait_calm_condGenderNeutral",true,false,""
"ping_markerWait","fuse","catalyst","","diag_mp_fuse_ping_markerWait_calm_condGenderNeutral",true,false,""
"ping_medbay","fuse","bloodhound","","diag_mp_fuse_ping_medBay_calmFar_condGenderNeutral",true,false,""
"ping_medbay","fuse","catalyst","","diag_mp_fuse_ping_medBay_calmFar_condGenderNeutral",true,false,""
"ping_needAmmoArrows","fuse","bloodhound","","diag_mp_fuse_ping_needAmmoArrows_urgent_condGenderNeutral",true,false,""
"ping_needAmmoArrows","fuse","catalyst","","diag_mp_fuse_ping_needAmmoArrows_urgent_condGenderNeutral",true,false,""
"ping_needAmmoShotgunEmpty","fuse","bloodhound","","diag_mp_fuse_ping_needAmmoShotgunEmpty_calm_condGenderNeutral",true,false,""
"ping_needAmmoShotgunEmpty","fuse","catalyst","","diag_mp_fuse_ping_needAmmoShotgunEmpty_calm_condGenderNeutral",true,false,""
"ping_needOpticShotgun","fuse","bloodhound","","diag_mp_fuse_ping_needOpticShotgun_calm_condGenderNeutral",true,false,""
"ping_needOpticShotgun","fuse","catalyst","","diag_mp_fuse_ping_needOpticShotgun_calm_condGenderNeutral",true,false,""
"ping_phaserunner","fuse","bloodhound","","diag_mp_fuse_ping_phaseRunner_calmFar_condGenderNeutral",true,false,""
"ping_phaserunner","fuse","catalyst","","diag_mp_fuse_ping_phaseRunner_calmFar_condGenderNeutral",true,false,""
"ping_spotDefault","fuse","bloodhound","","diag_mp_fuse_ping_spotDefault_multiple_condGenderNeutral",true,false,""
"ping_spotDefault","fuse","catalyst","","diag_mp_fuse_ping_spotDefault_multiple_condGenderNeutral",true,false,""
"ping_spotLook","fuse","bloodhound","","diag_mp_fuse_ping_spotLook_urgent_condGenderNeutral",true,false,""
"ping_spotLook","fuse","catalyst","","diag_mp_fuse_ping_spotLook_urgent_condGenderNeutral",true,false,""
"ping_tridentEnter","fuse","bloodhound","","diag_mp_fuse_ping_tridentEnter_calmFar_condGenderNeutral",true,false,""
"ping_tridentEnter","fuse","catalyst","","diag_mp_fuse_ping_tridentEnter_calmFar_condGenderNeutral",true,false,""
"ping_typeKeyHaveSquad","fuse","bloodhound","","diag_mp_fuse_ping_typeKeyHaveSquad_urgent_condGenderNeutral",true,false,""
"ping_typeKeyHaveSquad","fuse","catalyst","","diag_mp_fuse_ping_typeKeyHaveSquad_urgent_condGenderNeutral",true,false,""
"ping_zipline","fuse","bloodhound","","diag_mp_fuse_ping_zipline_calm_condGenderNeutral",true,false,""
"ping_zipline","fuse","catalyst","","diag_mp_fuse_ping_zipline_calm_condGenderNeutral",true,false,""
"bc_congratsKill","gibraltar","catalyst","","diag_mp_gibraltar_bc_congratsKill_condCatalyst_%perspective%",true,true,""
"bc_reviveThanks","gibraltar","catalyst","","diag_mp_gibraltar_bc_reviveThanks_condCatalyst_%perspective%",true,false,""
"//bc_reviveThanks   (disabled 16.0)","gibraltar","wattson","","diag_mp_gibraltar_bc_reviveThanks_condWattson_%perspective%",true,false,""
"bc_revivingPlayer","gibraltar","catalyst","","diag_mp_gibraltar_bc_revivingPlayer_condCatalyst_%perspective%",true,false,""
"//bc_revivingPlayer   (disabled 16.0)","gibraltar","wattson","","diag_mp_gibraltar_bc_revivingPlayer_condWattson_%perspective%",true,false,""
"bc_tridentEnter","gibraltar","catalyst","","diag_mp_gibraltar_bc_tridentEnter_condCatalyst_%perspective%",true,false,""
"bc_tridentJoin","gibraltar","catalyst","","diag_mp_gibraltar_bc_tridentJoin_condCatalyst_%perspective%",true,true,""
"bc_twoSquaddiesLeft","gibraltar","catalyst","","diag_mp_gibraltar_bc_twoSquaddiesLeft_condCatalyst_%perspective%",true,false,""
"ping_markerComingToHelp","gibraltar","catalyst","","diag_mp_gibraltar_ping_markerComingToHelp_calm_condCatalyst",true,false,""
"//ping_reviveYoureWelcome   (disabled 16.0)","gibraltar","wattson","","diag_mp_gibraltar_ping_reviveYoureWelcome_calm_condWattson",true,false,""
"ping_thanksRespawn","gibraltar","catalyst","","diag_mp_gibraltar_ping_thanksRespawn_calm_condCatalyst",true,false,""
"ping_youreWelcome","gibraltar","catalyst","","diag_mp_gibraltar_ping_youreWelcome_calm_condCatalyst",true,false,""
"//bc_revivingPlayer   (disabled 16.0)","horizon","seer","","diag_mp_horizon_bc_revivingPlayer_condSeer_%perspective%",true,false,""
"//ping_reviveYoureWelcome   (disabled 16.0)","horizon","seer","","diag_mp_horizon_ping_reviveYoureWelcome_calm_condSeer",true,false,""
"ping_thanks","horizon","catalyst","","diag_mp_horizon_ping_thanks_condCatalyst",true,false,""
"ping_youreWelcome","horizon","catalyst","","diag_mp_horizon_ping_youreWelcome_calm_condCatalyst",true,false,""
"//ping_thanks   (disabled 16.0)","loba","catalyst","","diag_mp_loba_ping_thanks_condCatalyst",true,false,""
"//ping_youreWelcome   (disabled 16.0)","loba","catalyst","","diag_mp_loba_ping_youreWelcome_calm_condCatalyst",true,false,""
"//bc_reviveThanks   (disabled 16.0)","mirage","vantage","","diag_mp_mirage_bc_reviveThanks_condVantage_%perspective%",true,false,""
"//bc_revivingPlayer   (disabled 16.0)","mirage","vantage","","diag_mp_mirage_bc_revivingPlayer_condVantage_%perspective%",true,false,""
"//ping_reviveYoureWelcome   (disabled 16.0)","mirage","vantage","","diag_mp_mirage_ping_reviveYoureWelcome_calm_condVantage",true,false,""
"bc_reviveThanks","seer","catalyst","","diag_mp_seer_bc_reviveThanks_condCatalyst_%perspective%",true,false,""
"//bc_reviveThanks   (disabled 16.0)","seer","horizon","","diag_mp_seer_bc_reviveThanks_condHorizon_%perspective%",true,false,""
"bc_revivingPlayer","seer","catalyst","","diag_mp_seer_bc_revivingPlayer_condCatalyst_%perspective%",true,false,""
"ping_reviveYoureWelcome","seer","catalyst","","diag_mp_seer_ping_reviveYoureWelcome_calm_condCatalyst",true,false,""
"//ping_thanks   (disabled 16.0)","seer","catalyst","","diag_mp_seer_ping_thanks_condCatalyst",true,false,""
"//ping_youreWelcome   (disabled 16.0)","seer","catalyst","","diag_mp_seer_ping_youreWelcome_calm_condCatalyst",true,false,""
"//bc_reviveThanks   (disabled 16.0)","vantage","mirage","","diag_mp_vantage_bc_reviveThanks_condMirage_%perspective%",true,false,""
"//bc_revivingPlayer   (disabled 16.0)","vantage","mirage","","diag_mp_vantage_bc_revivingPlayer_condMirage_%perspective%",true,false,""
"//ping_reviveYoureWelcome   (disabled 16.0)","vantage","mirage","","diag_mp_vantage_ping_reviveYoureWelcome_calm_condMirage",true,false,""
"//bc_reviveThanks   (disabled 16.0)","wattson","gibraltar","","diag_mp_wattson_bc_reviveThanks_condGibraltar_%perspective%",true,false,""
"//bc_revivingPlayer   (disabled 16.0)","wattson","gibraltar","","diag_mp_wattson_bc_revivingPlayer_condGibraltar_%perspective%",true,false,""
"//ping_reviveYoureWelcome   (disabled 16.0)","wattson","gibraltar","","diag_mp_wattson_ping_reviveYoureWelcome_calm_condGibraltar",true,false,""
"","","","","",false,false,""
"//S16","","","","",false,false,""
"ping_thanks","ash","revenant","","diag_mp_ash_ping_thanks_condRevenant",true,false,""
"ping_thanks","bloodhound","lifeline","","diag_mp_bloodhound_ping_thanks_condLifeline",true,false,""
"ping_youreWelcome","bloodhound","lifeline","","diag_mp_bloodhound_ping_youreWelcome_calm_condLifeline",true,false,""
"ping_thanks","crypto","lifeline","","diag_mp_crypto_ping_thanks_condLifeline",true,false,""
"ping_youreWelcome","crypto","lifeline","","diag_mp_crypto_ping_youreWelcome_calm_condLifeline",true,false,""
"ping_youreWelcome","fuse","lifeline","","diag_mp_fuse_ping_youreWelcome_calm_condLifeline",true,false,""
"ping_thanks","lifeline","bloodhound","","diag_mp_lifeline_ping_thanks_condBloodhound",true,false,""
"ping_thanks","lifeline","crypto","","diag_mp_lifeline_ping_thanks_condCrypto",true,false,""
"ping_thanks","lifeline","fuse","","diag_mp_lifeline_ping_thanks_condFuse",true,false,""
"ping_youreWelcome","lifeline","bloodhound","","diag_mp_lifeline_ping_youreWelcome_calm_condBloodhound",true,false,""
"ping_youreWelcome","lifeline","crypto","","diag_mp_lifeline_ping_youreWelcome_calm_condCrypto",true,false,""
"bc_reviveThanks","madmaggie","octane","","diag_mp_madmaggie_bc_reviveThanks_condOctane_%perspective%",true,false,""
"bc_revivingPlayer","madmaggie","octane","","diag_mp_madmaggie_bc_revivingPlayer_condOctane_%perspective%",true,false,""
"ping_reviveYoureWelcome","madmaggie","octane","","diag_mp_madmaggie_ping_reviveYoureWelcome_calm_condOctane",true,false,""
"bc_reviveThanks","octane","madmaggie","","diag_mp_octane_bc_reviveThanks_condMadMaggie_%perspective%",true,false,""
"bc_revivingPlayer","octane","madmaggie","","diag_mp_octane_bc_revivingPlayer_condMadMaggie_%perspective%",true,false,""
"ping_reviveYoureWelcome","octane","madmaggie","","diag_mp_octane_ping_reviveYoureWelcome_calm_condMadMaggie",true,false,""
"ping_youreWelcome","octane","seer","","diag_mp_octane_ping_youreWelcome_calm_condSeer",true,false,""
"ping_thanks","rampart","mirage","","diag_mp_rampart_ping_thanks_condMirage",true,false,""
"ping_youreWelcome","revenant","ash","","diag_mp_revenant_ping_youreWelcome_calm_condAsh",true,false,""
"ping_thanks","seer","octane","","diag_mp_seer_ping_thanks_condOctane",true,false,""
"string","string","string","string","string","bool","bool","string"