"name","splashText","medalText","pointValue","burnPointValue","pointType","displayType","medalIcon","conversation","scaleScoreForAutoTitan"
"AttritionAirDroneKilled","#SCORE_EVENT_AT_AIR_DRONE_KILLED","#SCORE_EVENT_AT_AIR_DRONE_KILLED","ATTRITION_SCORE_AIR_DRONE","","ASSAULT","ATTRITION MEDAL GAMEMODE","rui/medals/kill_robot","",false
"AttritionBossKilled","#SCORE_EVENT_AT_BOSS_KILLED","#SCORE_EVENT_AT_BOSS_KILLED","ATTRITION_SCORE_BOSS","","ASSAULT","CALLINGCARD MEDAL GAMEMODE","rui/medals/kill_robot","",false
"AttritionBountySurvived","#SCORE_EVENT_AT_BOUNTY_SURVIVED","#SCORE_EVENT_AT_BOUNTY_SURVIVED","ATTRITION_SCORE_BOUNTY_SURVIVAL","","","ATTRITION MEDAL GAMEMODE","rui/medals/victory","",false
"AttritionGruntKilled","#SCORE_EVENT_AT_GRUNT_KILLED","#SCORE_EVENT_AT_GRUNT_KILLED","ATTRITION_SCORE_GRUNT","","ASSAULT","ATTRITION MEDAL GAMEMODE","rui/medals/kill","",false
"AttritionMegaTurretKilled","#SCORE_EVENT_AT_MEGA_TURRET_KILLED","#SCORE_EVENT_AT_MEGA_TURRET_KILLED","ATTRITION_SCORE_MEGATURRET","","ASSAULT","ATTRITION MEDAL GAMEMODE","rui/medals/kill_robot","",false
"AttritionSentryTurretKilled","#SCORE_EVENT_AT_SENTRY_TURRET_KILLED","#SCORE_EVENT_AT_SENTRY_TURRET_KILLED","ATTRITION_SCORE_SENTRYTURRET","","ASSAULT","ATTRITION MEDAL GAMEMODE","rui/medals/kill_robot","",false
"AttritionPilotKilled","#SCORE_EVENT_AT_PILOT_KILLED","#SCORE_EVENT_AT_PILOT_KILLED","ATTRITION_SCORE_PILOT","","ASSAULT","ATTRITION MEDAL GAMEMODE","rui/medals/kill","",false
"AttritionProwlerKilled","#SCORE_EVENT_AT_PROWLER_KILLED","#SCORE_EVENT_AT_PROWLER_KILLED","ATTRITION_SCORE_PROWLER","","ASSAULT","ATTRITION MEDAL GAMEMODE","rui/medals/kill","",false
"AttritionSpectreKilled","#SCORE_EVENT_AT_SPECTRE_KILLED","#SCORE_EVENT_AT_SPECTRE_KILLED","ATTRITION_SCORE_SPECTRE","","ASSAULT","ATTRITION MEDAL GAMEMODE","rui/medals/kill_robot","",false
"AttritionStalkerKilled","#SCORE_EVENT_AT_STALKER_KILLED","#SCORE_EVENT_AT_STALKER_KILLED","ATTRITION_SCORE_STALKER","","ASSAULT","ATTRITION MEDAL GAMEMODE","rui/medals/kill_robot","",false
"AttritionSuperSpectreKilled","#SCORE_EVENT_AT_SUPER_SPECTRE_KILLED","#SCORE_EVENT_AT_SUPER_SPECTRE_KILLED","ATTRITION_SCORE_SUPER_SPECTRE","","ASSAULT","ATTRITION MEDAL GAMEMODE","rui/medals/kill_robot","",false
"AttritionTitanDoomed","#SCORE_EVENT_AT_TITAN_DOOMED","#SCORE_EVENT_AT_TITAN_DOOMED","ATTRITION_SCORE_TITAN","","ASSAULT","ATTRITION MEDAL GAMEMODE","rui/medals/kill_robot","",false
"AttritionTitanKilled","#SCORE_EVENT_AT_TITAN_DOOMED","#SCORE_EVENT_AT_TITAN_DOOMED","ATTRITION_SCORE_TITAN","","ASSAULT","ATTRITION MEDAL GAMEMODE","rui/medals/kill_robot","",false
"AttritionCashedBonus","#SCORE_EVENT_AT_CASHED_BONUS","#SCORE_EVENT_AT_CASHED_BONUS","ATTRITION_SCORE_BONUS","","ASSAULT","ATTRITION MEDAL GAMEMODE","rui/medals/medal_prototype","",false
"AttritionBonusStolen","#SCORE_EVENT_AT_BONUS_STOLEN","#SCORE_EVENT_AT_BONUS_STOLEN","ATTRITION_SCORE_BONUS_STOLEN","","ASSAULT","ATTRITION MEDAL GAMEMODE","rui/medals/kill_robot","",false
"BombCarry","#SCORE_EVENT_BOMB_CARRY_POINTS","#SCORE_EVENT_BOMB_CARRY_POINTS","GAMEMODE_BOMB_SCORE_CARRY","","DISTANCE","MEDAL GAMEMODE","rui/medals/bomb","",false
"BombPlant","#SCORE_EVENT_BOMB_PLANT_POINTS","#SCORE_EVENT_BOMB_PLANT_POINTS","GAMEMODE_BOMB_SCORE_PLANT","","ASSAULT","MEDAL GAMEMODE","rui/medals/bomb","",false
"BombDefuse","#SCORE_EVENT_BOMB_DEFUSE_POINTS","#SCORE_EVENT_BOMB_DEFUSE_POINTS","GAMEMODE_BOMB_SCORE_DEFUSE","","DEFENSE","MEDAL GAMEMODE","rui/medals/bomb","",false
"BombExplode","#SCORE_EVENT_BOMB_EXPLODE_POINTS","#SCORE_EVENT_BOMB_EXPLODE_POINTS","GAMEMODE_BOMB_SCORE_EXPLODE","","DETONATION","MEDAL GAMEMODE","rui/medals/bomb","",false
"ChallengeCompleted","#SCORE_EVENT_CHALLENGE_COMPLETED","#SCORE_EVENT_CHALLENGE_COMPLETED","0","","","MEDAL","rui/medals/victory","",false
"ChallengePVPKillCount","#SCORE_EVENT_CHALLENGE_PVP_KILLS","#SCORE_EVENT_CHALLENGE_PVP_KILLS","","","","MEDAL CHALLENGE GAMEMODE","rui/medals/victory","",false
"ChallengeATAssault","#SCORE_EVENT_CHALLENGE_AT_ASSAULT","#SCORE_EVENT_CHALLENGE_AT_ASSAULT","","","","MEDAL CHALLENGE GAMEMODE","rui/medals/victory","",false
"ChallengeCPAssault","#SCORE_EVENT_CHALLENGE_CP_ASSAULT","#SCORE_EVENT_CHALLENGE_CP_ASSAULT","","","","MEDAL CHALLENGE GAMEMODE","rui/medals/victory","",false
"ChallengeCPDefense","#SCORE_EVENT_CHALLENGE_CP_DEFENSE","#SCORE_EVENT_CHALLENGE_CP_DEFENSE","","","","MEDAL CHALLENGE GAMEMODE","rui/medals/victory","",false
"ChallengeCTFCapAssist","#SCORE_EVENT_ASSIST_WITH_FLAG_CAP","#SCORE_EVENT_ASSIST_WITH_FLAG_CAP","","","","MEDAL CHALLENGE GAMEMODE","rui/medals/victory","",false
"ChallengeCTFRetAssist","#SCORE_EVENT_ASSIST_WITH_FLAG_RET","#SCORE_EVENT_ASSIST_WITH_FLAG_RET","","","","MEDAL CHALLENGE GAMEMODE","rui/medals/victory","",false
"ChallengeFW","#SCORE_EVENT_USE_N_BATTERIES","#SCORE_EVENT_USE_N_BATTERIES","","","","MEDAL CHALLENGE GAMEMODE","rui/medals/victory","",false
"ChallengeFFA","#SCORE_EVENT_KILL_N_PILOTS","#SCORE_EVENT_KILL_N_PILOTS","","","","MEDAL CHALLENGE GAMEMODE","rui/medals/victory","",false
"ChallengeTDM","#SCORE_EVENT_KILL_N_IN_A_ROW","#SCORE_EVENT_KILL_N_IN_A_ROW","","","","MEDAL CHALLENGE GAMEMODE","rui/medals/victory","",false
"ChallengeTTDM","#SCORE_EVENT_CHALLENGE_COMPLETED","#SCORE_EVENT_CHALLENGE_COMPLETED","","","","MEDAL CHALLENGE GAMEMODE","rui/medals/victory","",false
"ChallengeLTS","#SCORE_EVENT_KILL_N_TITANS","#SCORE_EVENT_KILL_N_TITANS","","","","MEDAL CHALLENGE GAMEMODE","rui/medals/victory","",false
"ChallengeSPEEDBALL","#SCORE_EVENT_KILL_N_PILOTS","#SCORE_EVENT_KILL_N_PILOTS","","","","MEDAL CHALLENGE GAMEMODE","rui/medals/victory","",false
"ChallengeMFD","#SCORE_EVENT_CHALLENGE_COMPLETED","#SCORE_EVENT_CHALLENGE_COMPLETED","","","","MEDAL CHALLENGE GAMEMODE","rui/medals/victory","",false
"ChallengeFD","#SCORE_EVENT_CHALLENGE_FD","#SCORE_EVENT_CHALLENGE_FD","","","","MEDAL CHALLENGE GAMEMODE","rui/medals/victory","",false
"Comeback","#SCORE_EVENT_COMEBACK","#SCORE_EVENT_COMEBACK","POINTVALUE_COMEBACK","","","MEDAL","rui/medals/kill","kc_comeback",false
"ControlPanelHeavyTurretActivate","#SCORE_EVENT_HEAVY_TURRET_ACTIVATED","#SCORE_EVENT_HEAVY_TURRET_ACTIVATED","POINTVALUE_CONTROL_PANEL_ACTIVATE","","","MEDAL","rui/medals/medal_prototype","",false
"ControlPanelLightTurretActivate","#SCORE_EVENT_LIGHT_TURRETS_ACTIVATED","#SCORE_EVENT_LIGHT_TURRETS_ACTIVATED","POINTVALUE_CONTROL_PANEL_ACTIVATE_LIGHT","","","MEDAL","rui/medals/medal_prototype","",false
"ControlPointCapture","#SCORE_EVENT_HARDPOINT_CAPTURED","#SCORE_EVENT_HARDPOINT_CAPTURED","POINTVALUE_HARDPOINT_CAPTURE","","ASSAULT","CALLINGCARD MEDAL GAMEMODE","rui/medals/hardpoint","",false
"ControlPointCaptureAssist","#SCORE_EVENT_HARDPOINT_CAPTURE_ASSIST","#SCORE_EVENT_HARDPOINT_CAPTURE_ASSIST","POINTVALUE_HARDPOINT_CAPTURE_ASSIST","","ASSAULT","MEDAL GAMEMODE","rui/medals/hardpoint","",false
"ControlPointHold","#SCORE_EVENT_HARDPOINT_HOLD","#SCORE_EVENT_HARDPOINT_HOLD","POINTVALUE_HARDPOINT_HOLD","","DEFENSE","MEDAL GAMEMODE","rui/medals/hardpoint","",false
"ControlPointTake","#SCORE_EVENT_HARDPOINT_TAKE","#SCORE_EVENT_HARDPOINT_TAKE","POINTVALUE_HARDPOINT_HOLD","","ASSAULT","MEDAL GAMEMODE","rui/medals/hardpoint","",false
"ControlPointAmped","#SCORE_EVENT_HARDPOINT_AMPED","#SCORE_EVENT_HARDPOINT_AMPED","POINTVALUE_HARDPOINT_AMPED","","DEFENSE","MEDAL GAMEMODE","rui/medals/hardpoint","",false
"ControlPointAmpedHold","#SCORE_EVENT_HARDPOINT_AMPED_HOLD","#SCORE_EVENT_HARDPOINT_AMPED_HOLD","POINTVALUE_HARDPOINT_AMPED_HOLD","","DEFENSE","MEDAL GAMEMODE","rui/medals/hardpoint","",false
"ControlPointNeutralize","#SCORE_EVENT_HARDPOINT_NEUTRALIZED","#SCORE_EVENT_HARDPOINT_NEUTRALIZED","POINTVALUE_HARDPOINT_NEUTRALIZE","","ASSAULT","MEDAL GAMEMODE","rui/medals/hardpoint","",false
"ControlPointNeutralizeAssist","#SCORE_EVENT_HARDPOINT_NEUTRALIZE_ASSIST","#SCORE_EVENT_HARDPOINT_NEUTRALIZE_ASSIST","POINTVALUE_HARDPOINT_NEUTRALIZE_ASSIST","","ASSAULT","MEDAL GAMEMODE","rui/medals/hardpoint","",false
"Damage","#SCORE_EVENT_DAMAGE_GENERIC","#SCORE_EVENT_DAMAGE_GENERIC","0","","","CENTER","rui/medals/kill","",false
"DamageTitan","#SCORE_EVENT_DAMAGE_TITAN","#SCORE_EVENT_DAMAGE_TITAN","0","","","CENTER","rui/medals/kill","",false
"StealMeter","#SCORE_EVENT_STEAL_METER","#SCORE_EVENT_STEAL_METER","0","","","CENTER","rui/medals/kill","",false
"Destored_Proximity_Mine","#SCORE_EVENT_DESTROYED_PROXIMITY_CHARGE","#SCORE_EVENT_DESTROYED_PROXIMITY_CHARGE","POINTVALUE_DESTROYED_PROXIMITY_MINE","","","MEDAL","rui/medals/medal_prototype","",false
"Destroyed_Satchel","#SCORE_EVENT_DESTROYED_SATCHEL_CHARGE","#SCORE_EVENT_DESTROYED_SATCHEL_CHARGE","POINTVALUE_DESTROYED_SATCHEL","","","MEDAL","rui/medals/medal_prototype","",false
"Dominating","#SCORE_EVENT_DOMINATING","#SCORE_EVENT_DOMINATING","POINTVALUE_DOMINATING","","","MEDAL","rui/medals/kill_multiple","kc_dominating",false
"DoomAutoTitan","#MEDAL_DOOMED_TITAN","#MEDAL_DOOMED_TITAN","100","BURN_METER_SMALL_POINT_VALUE","","MEDAL","rui/medals/kill_robot","",false
"DoomTitan","#MEDAL_DOOMED_TITAN","#MEDAL_DOOMED_TITAN","100","BURN_METER_SMALL_POINT_VALUE","","BIG MEDAL","rui/medals/kill_robot","",false
"DoubleKill","#SCORE_EVENT_DOUBLE_KILL","#SCORE_EVENT_DOUBLE_KILL","POINTVALUE_DOUBLEKILL","","","MEDAL","rui/medals/kill_multiple","kc_doublekill",false
"EliminatePilot","#SCORE_EVENT_ELIMINATED_PILOT","#MEDAL_ELIMINATED_PILOT","POINTVALUE_ELIMINATE_PILOT","BURN_METER_SMALL_POINT_VALUE","","BIG MEDAL CENTER","rui/medals/kill","",false
"EliminateTitan","#MEDAL_ELIMINATED_TITAN","#MEDAL_ELIMINATED_TITAN","1","BURN_METER_SMALL_POINT_VALUE","","CALLINGCARD MEDAL","rui/medals/kill_robot","",false
"EliminateAutoTitan","#MEDAL_ELIMINATED_TITAN","#MEDAL_ELIMINATED_TITAN","1","BURN_METER_SMALL_POINT_VALUE","","CALLINGCARD MEDAL","rui/medals/kill_robot","",false
"FirstStrike","#SCORE_EVENT_FIRST_STRIKE","#SCORE_EVENT_FIRST_STRIKE","POINTVALUE_FIRST_STRIKE","","","CALLINGCARD MEDAL","rui/medals/first_strike","kc_firstblood",false
"FirstTitanfall","#SCORE_EVENT_FIRST_TITANFALL","#SCORE_EVENT_FIRST_TITANFALL","POINTVALUE_FIRST_TITANFALL","","","CALLINGCARD MEDAL","rui/medals/titanfall","",false
"FishInBarrel","#SCORE_EVENT_FISH_IN_A_BARREL","#SCORE_EVENT_FISH_IN_A_BARREL","POINTVALUE_FISHINBARREL","","","MEDAL","rui/medals/medal_prototype","",false
"FlagCapture","#SCORE_EVENT_FLAG_CAPTURE","#SCORE_EVENT_FLAG_CAPTURE","POINTVALUE_FLAG_CAPTURE","","","CALLINGCARD MEDAL GAMEMODE","rui/hud/gametype_icons/control/control_ratings","",false
"FlagTaken","#SCORE_EVENT_FLAG_TAKEN","#SCORE_EVENT_FLAG_TAKEN","POINTVALUE_FLAG_TAKEN","","","CALLINGCARD MEDAL GAMEMODE","rui/hud/gametype_icons/control/control_ratings","",false
"FlagCaptureAssist","#SCORE_EVENT_FLAG_CAPTURE_ASSIST","#SCORE_EVENT_FLAG_CAPTURE_ASSIST","POINTVALUE_FLAG_CAPTURE_ASSIST","","","MEDAL","rui/hud/gametype_icons/control/control_ratings","",false
"FlagCarrierKill","#SCORE_EVENT_KILLED_FLAG_CARRIER","#SCORE_EVENT_KILLED_FLAG_CARRIER","POINTVALUE_FLAG_CARRIER_KILL","","","MEDAL GAMEMODE","rui/hud/gametype_icons/control/control_ratings","",false
"FlagReturn","#SCORE_EVENT_FLAG_RETURN","#SCORE_EVENT_FLAG_RETURN","POINTVALUE_FLAG_RETURN","","","CALLINGCARD MEDAL GAMEMODE","rui/hud/gametype_icons/control/control_ratings","",false
"FlyerKill","#SCORE_EVENT_KILLED_FLYER","#MEDAL_KILLED_FLYER","POINTVALUE_KILL_FLYER","","","MEDAL","rui/medals/medal_prototype","",false
"GetToChopper","#SCORE_EVENT_GET_TO_THE_CHOPPER","#SCORE_EVENT_GET_TO_THE_CHOPPER","POINTVALUE_GET_TO_CHOPPER","","","MEDAL","rui/medals/extract","",false
"GiveRide","#SCORE_EVENT_GIVE_A_FRIEND_A_LIFT","#SCORE_EVENT_GIVE_A_FRIEND_A_LIFT","POINTVALUE_FRIEND_RIDE","","","MEDAL","rui/medals/medal_prototype","",false
"HappyHourBonus","#SCORE_EVENT_HAPPY_HOUR_BONUS","#SCORE_EVENT_HAPPY_HOUR_BONUS","","","","MEDAL CHALLENGE GAMEMODE","rui/medals/victory","",false
"HardpointAssault","#SCORE_EVENT_HARDPOINT_ASSAULT","#SCORE_EVENT_HARDPOINT_ASSAULT","POINTVALUE_HARDPOINT_ASSAULT","","ASSAULT","MEDAL GAMEMODE","rui/medals/hardpoint","",false
"HardpointDefense","#SCORE_EVENT_HARDPOINT_DEFENSE","#SCORE_EVENT_HARDPOINT_DEFENSE","POINTVALUE_HARDPOINT_DEFENSE","","DEFENSE","MEDAL GAMEMODE","rui/medals/hardpoint","",false
"HardpointPerimeterDefense","#SCORE_EVENT_HARDPOINT_PERIMETER_DEFENSE","#SCORE_EVENT_HARDPOINT_PERIMETER_DEFENSE","POINTVALUE_HARDPOINT_PERIMETER_DEFENSE","","DEFENSE","MEDAL GAMEMODE","rui/medals/hardpoint","",false
"HardpointSiege","#SCORE_EVENT_HARDPOINT_SIEGE","#SCORE_EVENT_HARDPOINT_SIEGE","POINTVALUE_HARDPOINT_SIEGE","","ASSAULT","MEDAL GAMEMODE","rui/medals/hardpoint","",false
"HardpointSnipe","#SCORE_EVENT_HARDPOINT_RANGED_SUPPORT","#SCORE_EVENT_HARDPOINT_RANGED_SUPPORT","POINTVALUE_HARDPOINT_SNIPE","","ASSAULT","MEDAL GAMEMODE","rui/medals/hardpoint","",false
"Headshot","#MEDAL_HEADSHOT","#MEDAL_HEADSHOT","POINTVALUE_HEADSHOT","","","MEDAL","rui/medals/headshot","",false
"HitchRide","#SCORE_EVENT_HITCH_A_RIDE","#SCORE_EVENT_HITCH_A_RIDE","POINTVALUE_RODEOD_FRIEND","","","MEDAL","rui/medals/medal_prototype","",false
"HotZoneExtract","#SCORE_EVENT_HOT_ZONE_EXTRACT","#SCORE_EVENT_HOT_ZONE_EXTRACT","POINTVALUE_HOTZONE_EXTRACT","","","MEDAL","rui/medals/extract","",false
"KillAutoTitan","#MEDAL_KILLED_TITAN","#MEDAL_KILLED_TITAN","POINTVALUE_KILL_TITAN","BURN_METER_SMALL_POINT_VALUE","","CALLINGCARD MEDAL","rui/medals/kill_robot","",false
"KillDrone","#SCORE_EVENT_KILLED_DRONE","#MEDAL_KILLED_DRONE","POINTVALUE_KILL_DRONE","","","MEDAL","rui/medals/kill_robot","",false
"KillDropship","#SCORE_EVENT_EVAC_DENIED","#SCORE_EVENT_EVAC_DENIED","POINTVALUE_EVAC_DENIED","","","MEDAL","rui/medals/extract","",false
"KilledEscapee","#SCORE_EVENT_KILLED_EVACUATING_ENEMY","#MEDAL_KILLED_EVACUATING_ENEMY","POINTVALUE_KILLED_ESCAPEE","","","MEDAL","rui/medals/kill_multiple","",false
"KilledMVP","#SCORE_EVENT_KILLED_MVP","#MEDAL_KILLED_MVP","POINTVALUE_KILLED_MVP","","","MEDAL","rui/medals/kill","",false
"KillGrunt","#SCORE_EVENT_KILLED_MILITIA","#SCORE_EVENT_KILLED_MILITIA","POINTVALUE_KILL_FIRETEAM_AI","","","MEDAL GAMEMODE","rui/medals/kill","",false
"KillHeavyTurret","#SCORE_EVENT_KILLED_HEAVY_TURRET","#SCORE_EVENT_KILLED_HEAVY_TURRET","POINTVALUE_KILL_HEAVY_TURRET","","","MEDAL","rui/medals/medal_prototype","",false
"KillingSpree","#SCORE_EVENT_KILLING_SPREE","#SCORE_EVENT_KILLING_SPREE","POINTVALUE_KILLINGSPREE","","","MEDAL","rui/medals/kill_multiple","kc_killingspree",false
"KillLightTurret","#SCORE_EVENT_KILLED_LIGHT_TURRET","#SCORE_EVENT_KILLED_LIGHT_TURRET","POINTVALUE_KILL_LIGHT_TURRET","","","MEDAL","rui/medals/medal_prototype","",false
"KillPilot","#SCORE_EVENT_KILLED_PILOT","#MEDAL_KILLED_PILOT","1","BURN_METER_SMALL_POINT_VALUE","","BIG MEDAL CENTER","rui/medals/kill","",false
"KillInfected","#SCORE_EVENT_KILLED_INFECTED","#MEDAL_KILLED_PROWLER","POINTVALUE_KILL_PROWLER","","","MEDAL","rui/medals/medal_prototype","",false
"KillSpider","#SCORE_EVENT_KILLED_SPIDER","#MEDAL_KILLED_PROWLER","POINTVALUE_KILL_PROWLER","","","MEDAL","rui/medals/medal_prototype","",false
"KillTick","#SCORE_EVENT_KILLED_TICK","#MEDAL_KILLED_PROWLER","POINTVALUE_KILL_PROWLER","","","MEDAL","rui/medals/medal_prototype","",false
"KillGoliath","#SCORE_EVENT_KILLED_GOLIATH","#MEDAL_KILLED_PROWLER","POINTVALUE_KILL_TITAN","","","MEDAL","rui/medals/medal_prototype","",false
"KillProwler","#SCORE_EVENT_KILLED_PROWLER","#MEDAL_KILLED_PROWLER","POINTVALUE_KILL_PROWLER","","","MEDAL","rui/medals/medal_prototype","",false
"KillRescueShip","#SCORE_EVENT_EVAC_DENIED","#SCORE_EVENT_EVAC_DENIED","POINTVALUE_EVAC_DENIED","","","MEDAL","rui/medals/extract","",false
"KillSpectre","#SCORE_EVENT_KILLED_SPECTRE","#MEDAL_KILLED_SPECTRE","POINTVALUE_KILL_SPECTRE","","","MEDAL","rui/medals/kill_robot","",false
"KillStalker","#SCORE_EVENT_KILLED_STALKER","#MEDAL_KILLED_STALKER","POINTVALUE_KILL_STALKER","","","MEDAL","rui/medals/kill_robot","",false
"KillHackedSpectre","#SCORE_EVENT_KILLED_HACKED_SPECTRE","#MEDAL_KILLED_SPECTRE","POINTVALUE_KILL_SPECTRE","","","MEDAL","rui/medals/kill_robot","",false
"KillSuperSpectre","#SCORE_EVENT_KILLED_SUPER_SPECTRE","#MEDAL_KILLED_SUPER_SPECTRE","POINTVALUE_KILL_SUPER_SPECTRE","","","MEDAL","rui/medals/kill_robot","",false
"KillTitan","#MEDAL_KILLED_TITAN","#MEDAL_KILLED_TITAN","POINTVALUE_KILL_TITAN","BURN_METER_SMALL_POINT_VALUE","","CALLINGCARD MEDAL CENTER","rui/medals/kill_robot","",false
"TitanKillTitan","#MEDAL_KILLED_TITAN","#MEDAL_KILLED_TITAN","POINTVALUE_KILL_TITAN","BURN_METER_SMALL_POINT_VALUE","","CALLINGCARD MEDAL CENTER","rui/medals/kill_robot","",false
"LeechDrone","#SCORE_EVENT_LEECHED_DRONE","#SCORE_EVENT_LEECHED_DRONE","POINTVALUE_LEECH_DRONE","","","MEDAL","rui/medals/kill_robot","",false
"LeechSpectre","#SCORE_EVENT_LEECHED_SPECTRE","#SCORE_EVENT_LEECHED_SPECTRE","POINTVALUE_LEECH_SPECTRE","","","MEDAL","rui/medals/kill_robot","",false
"LeechSuperSpectre","#SCORE_EVENT_LEECHED_SUPER_SPECTRE","#SCORE_EVENT_LEECHED_SUPER_SPECTRE","POINTVALUE_LEECH_SUPER_SPECTRE","","","MEDAL","rui/medals/kill_robot","",false
"MarkedEscort","#SCORE_EVENT_PROTECTED_MARKED_TARGET","#SCORE_EVENT_PROTECTED_MARKED_TARGET","POINTVALUE_MARKED_ESCORT","","","MEDAL GAMEMODE","rui/medals/kill","",false
"MarkedKilledMarked","#SCORE_EVENT_MARKED_KILLED_MARKED","#SCORE_EVENT_MARKED_KILLED_MARKED","POINTVALUE_MARKED_KILLED_MARKED","","","MEDAL GAMEMODE","rui/hud/gametype_icons/mfd/mfd_enemy","",false
"MarkedOutlastedEnemyMarked","#SCORE_EVENT_MARKED_OUTLASTED_ENEMY_MARK","#SCORE_EVENT_MARKED_OUTLASTED_ENEMY_MARK","POINTVALUE_MARKED_OUTLASTED_ENEMY_MARKED","","","MEDAL GAMEMODE","rui/hud/gametype_icons/mfd/mfd_friendly","",false
"MarkedSurvival","#SCORE_EVENT_MARKED_SURVIVAL","#SCORE_EVENT_MARKED_SURVIVAL","POINTVALUE_MARKED_SURVIVAL","","","MEDAL GAMEMODE","rui/hud/gametype_icons/mfd/mfd_friendly","",false
"MarkedTargetKilled","#SCORE_EVENT_KILLED_MARKED_TARGET","#SCORE_EVENT_KILLED_MARKED_TARGET","POINTVALUE_MARKED_TARGET_KILLED","","","MEDAL GAMEMODE","rui/hud/gametype_icons/mfd/mfd_enemy","",false
"MatchComplete","#SCORE_EVENT_COMPLETION","#SCORE_EVENT_COMPLETION","POINTVALUE_MATCH_COMPLETION","","","MEDAL","rui/medals/victory","",false
"MatchVictory","#SCORE_EVENT_VICTORY","#SCORE_EVENT_VICTORY","POINTVALUE_MATCH_VICTORY","","","MEDAL GAMEMODE","rui/medals/victory","",false
"Mayhem","#SCORE_EVENT_MAYHEM","#SCORE_EVENT_MAYHEM","POINTVALUE_MAYHEM","","","MEDAL","rui/medals/kill_multiple","",false
"MegaKill","#SCORE_EVENT_MEGA_KILL","#SCORE_EVENT_MEGA_KILL","POINTVALUE_MEGAKILL","","","CALLINGCARD MEDAL","rui/medals/kill_multiple","kc_megakill",false
"Nemesis","#SCORE_EVENT_NEMESIS","#SCORE_EVENT_NEMESIS","POINTVALUE_NEMESIS","","","MEDAL","rui/medals/kill","kc_retribution",false
"NewPlayerBonus","#SCORE_EVENT_NEW_PLAYER_BONUS","#SCORE_EVENT_NEW_PLAYER_BONUS","POINTVALUE_MATCH_VICTORY","","","MEDAL GAMEMODE","rui/medals/victory","",false
"NPCHeadshot","#SCORE_EVENT_HEADSHOT","#SCORE_EVENT_HEADSHOT","POINTVALUE_NPC_HEADSHOT","","","MEDAL","rui/medals/headshot","",false
"Onslaught","#SCORE_EVENT_ONSLAUGHT","#SCORE_EVENT_ONSLAUGHT","POINTVALUE_ONSLAUGHT","","","MEDAL","rui/medals/kill_multiple","",false
"PilotAmmoPickup","Picked Up Ammo","Picked Up Ammo","50","","","MEDAL","rui/medals/medal_prototype","",true
"PilotAssist","#MEDAL_ASSIST_PILOT","#MEDAL_ASSIST_PILOT","POINTVALUE_ASSIST","","","MEDAL GAMEMODE","rui/medals/kill","",false
"PilotBatteryApplied","#SCORE_EVENT_BATTERY_APPLY","#SCORE_EVENT_BATTERY_APPLY","50","","","MEDAL","rui/medals/medal_prototype","",true
"PilotBatteryPickup","#SCORE_EVENT_BATTERY_PICKUP","#SCORE_EVENT_BATTERY_PICKUP","50","","","MEDAL","rui/medals/medal_prototype","",true
"PilotBatteryStolen","#SCORE_EVENT_BATTERY_STEAL","#SCORE_EVENT_BATTERY_STEAL","50","","","MEDAL","rui/medals/medal_prototype","",true
"QuickRevenge","#SCORE_EVENT_QUICK_REVENGE","#SCORE_EVENT_QUICK_REVENGE","POINTVALUE_REVENGE_QUICK","","","MEDAL","rui/medals/kill_multiple","",false
"Rampage","#SCORE_EVENT_RAMPAGE","#SCORE_EVENT_RAMPAGE","POINTVALUE_RAMPAGE","","","MEDAL","rui/medals/kill_multiple","kc_rampage",false
"Revenge","#SCORE_EVENT_REVENGE","#SCORE_EVENT_REVENGE","POINTVALUE_REVENGE","","","MEDAL","rui/medals/kill_multiple","",false
"RodeoEnemyTitan","#SCORE_EVENT_RODEOED_ENEMY_TITAN","#SCORE_EVENT_RODEOED_ENEMY_TITAN","POINTVALUE_RODEOD","","","MEDAL","rui/medals/medal_prototype","",false
"RoundComplete","#SCORE_EVENT_ROUND_COMPLETION","#SCORE_EVENT_ROUND_COMPLETION","POINTVALUE_ROUND_COMPLETION","","","MEDAL","rui/medals/victory","",false
"RoundVictory","#SCORE_EVENT_ROUND_WIN","#SCORE_EVENT_ROUND_WIN","POINTVALUE_ROUND_WIN","","","MEDAL GAMEMODE","rui/medals/victory","",false
"SelfBonusKilledAll","#SCORE_EVENT_SOLO_KILLED_ALL_COMBATANTS","#SCORE_EVENT_SOLO_KILLED_ALL_COMBATANTS","POINTVALUE_FULL_TEAM_KILL_SOLO","","","MEDAL","rui/medals/kill_multiple","",false
"Showstopper","#SCORE_EVENT_SHOWSTOPPER","#SCORE_EVENT_SHOWSTOPPER","POINTVALUE_SHOWSTOPPER","","","MEDAL","rui/medals/kill_multiple","kc_iced",false
"SoleSurvivor","#SCORE_EVENT_SOLE_SURVIVOR","#SCORE_EVENT_SOLE_SURVIVOR","POINTVALUE_SOLE_SURVIVOR","","","MEDAL","rui/medals/extract","",false
"TeamBonusFullEvac","#SCORE_EVENT_TEAM_BONUS_FULL_TEAM_EVAC","#SCORE_EVENT_TEAM_BONUS_FULL_TEAM_EVAC","POINTVALUE_FULL_TEAM_EVAC","","","MEDAL","rui/medals/extract","",false
"TeamBonusKilledAll","#SCORE_EVENT_TEAM_BONUS_KILLED_ALL_COMBATANTS","#SCORE_EVENT_TEAM_BONUS_KILLED_ALL_COMBATANTS","POINTVALUE_FULL_TEAM_KILL","","","MEDAL","rui/medals/kill_multiple","",false
"TitanAssist","#MEDAL_ASSIST_TITAN","#MEDAL_ASSIST_TITAN","POINTVALUE_ASSIST_TITAN","","","MEDAL GAMEMODE","rui/medals/kill_robot","",false
"TitanCoreEarned","#SCORE_EVENT_CORE_EARNED","#SCORE_EVENT_CORE_EARNED","POINTVALUE_CALLED_IN_TITAN","","","CALLINGCARD MEDAL","rui/medals/titanfall","",false
"Titanfall","#SCORE_EVENT_TITANFALL","#SCORE_EVENT_TITANFALL","POINTVALUE_CALLED_IN_TITAN","","","CALLINGCARD MEDAL","rui/medals/titanfall","",false
"TripleKill","#SCORE_EVENT_TRIPLE_KILL","#SCORE_EVENT_TRIPLE_KILL","POINTVALUE_TRIPLEKILL","","","MEDAL","rui/medals/kill_multiple","kc_triplekill",false
"VictoryKill","#SCORE_EVENT_VICTORY_KILL","#SCORE_EVENT_VICTORY_KILL","POINTVALUE_VICTORYKILL","BURN_METER_SMALL_POINT_VALUE","","CALLINGCARD MEDAL GAMEMODE","rui/medals/kill","",false
"FactionLevelUp","","","","","","","","",false
"TitanLevelUp","","","","","","","","",false
"WeaponLevelUp","","","","","","","","",false
"FortWarAssault","#SCORE_EVENT_FW_ASSAULT","#SCORE_EVENT_FW_ASSAULT","POINTVALUE_FW_ASSAULT","","ASSAULT","MEDAL GAMEMODE","rui/medals/hardpoint","",false
"FortWarDefense","#SCORE_EVENT_FW_DEFENSE","#SCORE_EVENT_FW_DEFENSE","POINTVALUE_FW_DEFENSE","","DEFENSE","MEDAL GAMEMODE","rui/medals/hardpoint","",false
"FortWarPerimeterDefense","#SCORE_EVENT_FW_PERIMETER_DEFENSE","#SCORE_EVENT_FW_PERIMETER_DEFENSE","POINTVALUE_FW_PERIMETER_DEFENSE","","DEFENSE","MEDAL GAMEMODE","rui/medals/hardpoint","",false
"FortWarSiege","#SCORE_EVENT_FW_SIEGE","#SCORE_EVENT_FW_SIEGE","POINTVALUE_FW_SIEGE","","ASSAULT","MEDAL GAMEMODE","rui/medals/hardpoint","",false
"FortWarSnipe","#SCORE_EVENT_FW_RANGED_SUPPORT","#SCORE_EVENT_FW_RANGED_SUPPORT","POINTVALUE_FW_SNIPE","","ASSAULT","MEDAL GAMEMODE","rui/medals/hardpoint","",false
"FortWarBaseConstruction","#SCORE_EVENT_FW_BASE_CONSTRUCTION","#SCORE_EVENT_FW_BASE_CONSTRUCTION","POINTVALUE_FW_BASE_CONSTRUCTION","","DEFENSE","MEDAL GAMEMODE","rui/medals/hardpoint","",false
"FortWarForwardConstruction","#SCORE_EVENT_FW_FORWARD_CONSTRUCTION","#SCORE_EVENT_FW_FORWARD_CONSTRUCTION","POINTVALUE_FW_FORWARD_CONSTRUCTION","","DEFENSE","MEDAL GAMEMODE","rui/medals/hardpoint","",false
"FortWarInvasiveConstruction","#SCORE_EVENT_FW_INVASIVE_CONSTRUCTION","#SCORE_EVENT_FW_INVASIVE_CONSTRUCTION","POINTVALUE_FW_INVASIVE_CONSTRUCTION","","DEFENSE","MEDAL GAMEMODE","rui/medals/hardpoint","",false
"FortWarShieldConstruction","#SCORE_EVENT_FW_SHIELD_CONSTRUCTION","#SCORE_EVENT_FW_SHIELD_CONSTRUCTION","POINTVALUE_FW_SHIELD_CONSTRUCTION","","DEFENSE","MEDAL GAMEMODE","rui/medals/hardpoint","",false
"FortWarResourceDenial","#SCORE_EVENT_FW_RESOURCE_DENIAL","#SCORE_EVENT_FW_RESOURCE_DENIAL","POINTVALUE_FW_RESOURCE_DENIAL","","ASSAULT","MEDAL GAMEMODE","rui/medals/hardpoint","",false
"FortWarTowerDamage","#SCORE_EVENT_FW_TOWER_DAMAGE","#SCORE_EVENT_FW_TOWER_DAMAGE","POINTVALUE_FW_TOWER_DAMAGE","","ASSAULT","MEDAL GAMEMODE","rui/medals/hardpoint","",false
"FortWarTowerDefense","#SCORE_EVENT_FW_TOWER_DEFENSE","#SCORE_EVENT_FW_TOWER_DEFENSE","POINTVALUE_FW_TOWER_DEFENSE","","DEFENSE","MEDAL GAMEMODE","rui/medals/hardpoint","",false
"FortWarTeamTurretControlBonus_One","#SCORE_EVENT_FW_TURRET_CONTROL_ONE","#SCORE_EVENT_FW_TURRET_CONTROL_ONE","POINTVALUE_FW_TEAM_TURRET_CONTROL","","DEFENSE","MEDAL","rui/medals/hardpoint","",false
"FortWarTeamTurretControlBonus_Two","#SCORE_EVENT_FW_TURRET_CONTROL_TWO","#SCORE_EVENT_FW_TURRET_CONTROL_TWO","POINTVALUE_FW_TEAM_TURRET_CONTROL","","DEFENSE","MEDAL","rui/medals/hardpoint","",false
"FortWarTeamTurretControlBonus_Three","#SCORE_EVENT_FW_TURRET_CONTROL_THREE","#SCORE_EVENT_FW_TURRET_CONTROL_THREE","POINTVALUE_FW_TEAM_TURRET_CONTROL","","DEFENSE","MEDAL","rui/medals/hardpoint","",false
"FortWarTeamTurretControlBonus_Four","#SCORE_EVENT_FW_TURRET_CONTROL_FOUR","#SCORE_EVENT_FW_TURRET_CONTROL_FOUR","POINTVALUE_FW_TEAM_TURRET_CONTROL","","DEFENSE","MEDAL","rui/medals/hardpoint","",false
"FortWarTeamTurretControlBonus_Five","#SCORE_EVENT_FW_TURRET_CONTROL_FIVE","#SCORE_EVENT_FW_TURRET_CONTROL_FIVE","POINTVALUE_FW_TEAM_TURRET_CONTROL","","DEFENSE","MEDAL","rui/medals/hardpoint","",false
"FortWarTeamTurretControlBonus_Six","#SCORE_EVENT_FW_TURRET_CONTROL_SIX","#SCORE_EVENT_FW_TURRET_CONTROL_SIX","POINTVALUE_FW_TEAM_TURRET_CONTROL","","DEFENSE","MEDAL","rui/medals/hardpoint","",false
"FortWarSecuringGatheredResources","#SCORE_EVENT_FW_SECURING_RESOURCES","#SCORE_EVENT_FW_SECURING_RESOURCES","POINTVALUE_FW_SECURING_RESOURCES","","ASSAULT","MEDAL GAMEMODE","rui/medals/hardpoint","",false
"FortWarShieldDestroyed","#SCORE_EVENT_FW_DESTROYED_TURRET_SHIELD","#SCORE_EVENT_FW_DESTROYED_TURRET_SHIELD","POINTVALUE_FW_DESTROY_TURRET_SHIELD","","ASSAULT","MEDAL GAMEMODE","rui/medals/hardpoint","",false
"HuntedEliminatePilot","#SCORE_EVENT_HUNTED_HUNTER_KILLED","#SCORE_EVENT_HUNTED_HUNTER_KILLED","POINTVALUE_HUNTED_ELIMINATE_HUNTER","","DEFENSE","ATTRITION MEDAL GAMEMODE","rui/medals/kill","",false
"HuntedEliminateGrunt","#SCORE_EVENT_HUNTED_GRUNT_KILLED","#SCORE_EVENT_HUNTED_GRUNT_KILLED","POINTVALUE_HUNTED_ELIMINATE_GRUNT","","ASSAULT","ATTRITION MEDAL GAMEMODE","rui/medals/kill","",false
"HuntedEliminateSquad","#SCORE_EVENT_HUNTED_SQUAD_KILLED","#SCORE_EVENT_HUNTED_SQUAD_KILLED","POINTVALUE_HUNTED_ELIMINATE_SQUAD","","ASSAULT","ATTRITION MEDAL GAMEMODE","rui/medals/kill_multiple","",false
"HuntedAquireAsset","#SCORE_EVENT_HUNTED_AQUIRE_ASSET","#SCORE_EVENT_HUNTED_AQUIRE_ASSET","POINTVALUE_HUNTED_AQUIRE_ASSET","","DEFENSE","ATTRITION MEDAL GAMEMODE","rui/medals/medal_prototype","",false
"HuntedSecureAsset","#SCORE_EVENT_HUNTED_AQUIRE_SECURED","#SCORE_EVENT_HUNTED_AQUIRE_SECURED","POINTVALUE_HUNTED_SECURE_ASSET","","DEFENSE","ATTRITION MEDAL GAMEMODE","rui/medals/medal_prototype","",false
"HuntedExtractAsset","#SCORE_EVENT_HUNTED_AQUIRE_EXTRACTED","#SCORE_EVENT_HUNTED_AQUIRE_EXTRACTED","POINTVALUE_HUNTED_EXTRACT_ASSET","","DEFENSE","ATTRITION MEDAL GAMEMODE","rui/medals/medal_prototype","",false
"HuntedSurvival","#SCORE_EVENT_HUNTED_OBJECTIVE_SURVIVAL","#SCORE_EVENT_HUNTED_OBJECTIVE_SURVIVAL","POINTVALUE_HUNTED_OBJECTIVE_SURVIVAL","","DEFENSE","ATTRITION MEDAL GAMEMODE","rui/medals/medal_prototype","",false
"HuntedMissionSurvival","#SCORE_EVENT_HUNTED_MISSION_SURVIVAL","#SCORE_EVENT_HUNTED_MISSION_SURVIVAL","POINTVALUE_HUNTED_MISSION_SURVIVAL","","DEFENSE","ATTRITION MEDAL GAMEMODE","rui/medals/medal_prototype","",false
"MFDMarked","#SCORE_EVENT_MARKED_FOR_DEATH_TARGET","#SCORE_EVENT_MARKED_FOR_DEATH_TARGET","POINTVALUE_MARKED_TARGET","","","CALLINGCARD MEDAL","rui/medals/titanfall","",false
"BombPlantRaid","#SCORE_EVENT_BOMB_PLANT_POINTS","#SCORE_EVENT_BOMB_PLANT_POINTS","GAMEMODE_RAID_SCORE_PLANT","","ASSAULT","MEDAL GAMEMODE","rui/medals/bomb","",false
"ATCOOPAirDroneKilled","#SCORE_EVENT_AT_AIR_DRONE_KILLED","#SCORE_EVENT_AT_AIR_DRONE_KILLED","ATCOOP_SCORE_AIR_DRONE","","ASSAULT","ATTRITION MEDAL GAMEMODE","rui/medals/kill_robot","",false
"ATCOOPBossKilled","#SCORE_EVENT_AT_BOSS_KILLED","#SCORE_EVENT_AT_BOSS_KILLED","ATCOOP_SCORE_BOSS","","ASSAULT","CALLINGCARD MEDAL GAMEMODE","rui/medals/kill_robot","",false
"ATCOOPBountySurvived","#SCORE_EVENT_AT_BOUNTY_SURVIVED","#SCORE_EVENT_AT_BOUNTY_SURVIVED","ATCOOP_SCORE_BOUNTY_SURVIVAL","","","ATTRITION MEDAL GAMEMODE","rui/medals/victory","",false
"ATCOOPGruntKilled","#SCORE_EVENT_AT_GRUNT_KILLED","#SCORE_EVENT_AT_GRUNT_KILLED","ATCOOP_SCORE_GRUNT","","ASSAULT","ATTRITION MEDAL GAMEMODE","rui/medals/kill","",false
"ATCOOPMegaTurretKilled","#SCORE_EVENT_AT_MEGA_TURRET_KILLED","#SCORE_EVENT_AT_MEGA_TURRET_KILLED","ATCOOP_SCORE_MEGATURRET","","ASSAULT","ATTRITION MEDAL GAMEMODE","rui/medals/kill_robot","",false
"ATCOOPSentryTurretKilled","#SCORE_EVENT_AT_SENTRY_TURRET_KILLED","#SCORE_EVENT_AT_SENTRY_TURRET_KILLED","ATCOOP_SCORE_SENTRYTURRET","","ASSAULT","ATTRITION MEDAL GAMEMODE","rui/medals/kill_robot","",false
"ATCOOPPilotKilled","#SCORE_EVENT_AT_PILOT_KILLED","#SCORE_EVENT_AT_PILOT_KILLED","ATCOOP_SCORE_PILOT","","ASSAULT","ATTRITION MEDAL GAMEMODE","rui/medals/kill","",false
"ATCOOPProwlerKilled","#SCORE_EVENT_AT_PROWLER_KILLED","#SCORE_EVENT_AT_PROWLER_KILLED","ATCOOP_SCORE_PROWLER","","ASSAULT","ATTRITION MEDAL GAMEMODE","rui/medals/kill","",false
"ATCOOPSpectreKilled","#SCORE_EVENT_AT_SPECTRE_KILLED","#SCORE_EVENT_AT_SPECTRE_KILLED","ATCOOP_SCORE_SPECTRE","","ASSAULT","ATTRITION MEDAL GAMEMODE","rui/medals/kill_robot","",false
"ATCOOPStalkerKilled","#SCORE_EVENT_AT_STALKER_KILLED","#SCORE_EVENT_AT_STALKER_KILLED","ATCOOP_SCORE_STALKER","","ASSAULT","ATTRITION MEDAL GAMEMODE","rui/medals/kill_robot","",false
"ATCOOPSuperSpectreKilled","#SCORE_EVENT_AT_SUPER_SPECTRE_KILLED","#SCORE_EVENT_AT_SUPER_SPECTRE_KILLED","ATCOOP_SCORE_SUPER_SPECTRE","","ASSAULT","ATTRITION MEDAL GAMEMODE","rui/medals/kill_robot","",false
"ATCOOPTitanDoomed","#SCORE_EVENT_AT_TITAN_DOOMED","#SCORE_EVENT_AT_TITAN_DOOMED","ATCOOP_SCORE_TITAN","","ASSAULT","ATTRITION MEDAL GAMEMODE","rui/medals/kill_robot","",false
"ATCOOPTitanKilled","#SCORE_EVENT_AT_TITAN_DOOMED","#SCORE_EVENT_AT_TITAN_DOOMED","ATCOOP_SCORE_TITAN","","ASSAULT","ATTRITION MEDAL GAMEMODE","rui/medals/kill_robot","",false
"ATCOOPCashedBonus","#SCORE_EVENT_AT_CASHED_BONUS","#SCORE_EVENT_AT_CASHED_BONUS","ATCOOP_SCORE_BONUS","","ASSAULT","ATTRITION MEDAL GAMEMODE","rui/medals/medal_prototype","",false
"ATCOOPBonusStolen","#SCORE_EVENT_AT_BONUS_STOLEN","#SCORE_EVENT_AT_BONUS_STOLEN","ATCOOP_SCORE_BONUS_STOLEN","","ASSAULT","ATTRITION MEDAL GAMEMODE","rui/medals/kill_robot","",false
"FDAirDroneKilled","#SCORE_EVENT_AT_AIR_DRONE_KILLED","#SCORE_EVENT_AT_AIR_DRONE_KILLED","FD_SCORE_AIR_DRONE","","","ATTRITION MEDAL GAMEMODE","rui/medals/kill_robot","",false
"FDGruntKilled","#SCORE_EVENT_AT_GRUNT_KILLED","#SCORE_EVENT_AT_GRUNT_KILLED","FD_SCORE_GRUNT","","","ATTRITION MEDAL GAMEMODE","rui/medals/kill","",false
"FDSpectreKilled","#SCORE_EVENT_AT_SPECTRE_KILLED","#SCORE_EVENT_AT_SPECTRE_KILLED","FD_SCORE_SPECTRE","","","ATTRITION MEDAL GAMEMODE","rui/medals/kill_robot","",false
"FDStalkerKilled","#SCORE_EVENT_AT_STALKER_KILLED","#SCORE_EVENT_AT_STALKER_KILLED","FD_SCORE_STALKER","","","ATTRITION MEDAL GAMEMODE","rui/medals/kill_robot","",false
"FDSuperSpectreKilled","#SCORE_EVENT_AT_SUPER_SPECTRE_KILLED","#SCORE_EVENT_AT_SUPER_SPECTRE_KILLED","FD_SCORE_SUPER_SPECTRE","","","ATTRITION MEDAL GAMEMODE","rui/medals/kill_robot","",false
"FDTitanKilled","#SCORE_EVENT_AT_TITAN_DOOMED","#SCORE_EVENT_AT_TITAN_DOOMED","FD_SCORE_TITAN","","","MEDAL GAMEMODE","rui/medals/kill_robot","",false
"FDEnemiesKilled","#SCORE_EVENT_FD_ENEMIES_KILLED","#SCORE_EVENT_FD_ENEMIES_KILLED","FD_SCORE_ENEMIES","","","MEDAL GAMEMODE","rui/medals/kill","",false
"FDWaveMVP","#SCORE_EVENT_FD_WAVE_MVP","#SCORE_EVENT_FD_WAVE_MVP","FD_SCORE_MVP","","","MEDAL_FORCED GAMEMODE CALLINGCARD","rui/medals/mvp","",false
"FDTeamFinalWave","#SCORE_EVENT_FD_TEAM_FINAL_WAVE","#SCORE_EVENT_FD_TEAM_FINAL_WAVE","FD_SCORE_TEAM_FINAL_WAVE","","","MEDAL GAMEMODE","rui/medals/medal_prototype","",false
"FDTeamWave","#SCORE_EVENT_FD_TEAM_WAVE","#SCORE_EVENT_FD_TEAM_WAVE","FD_SCORE_TEAM_WAVE","","","MEDAL_FORCED GAMEMODE","rui/medals/harvester_protect","",false
"FDTeamFlawlessWave","#SCORE_EVENT_FD_TEAM_FLAWLESS_WAVE","#SCORE_EVENT_FD_TEAM_FLAWLESS_WAVE","FD_SCORE_TEAM_FLAWLESS_WAVE","","","MEDAL_FORCED GAMEMODE","rui/medals/shielded_harvester","",false
"PasTitanHunter","#GEAR_AT_HUNTER_KIT","#GEAR_AT_HUNTER_KIT","","","","MEDAL","rui/medals/kill_robot","",false
"Execution","#SCORE_EVENT_EXECUTION","#SCORE_EVENT_EXECUTION","0","BURN_METER_LARGE_POINT_VALUE","","MEDAL","rui/medals/kill","",false
"FDRepairTurret","#SCORE_EVENT_REPAIR_TURRET","#SCORE_EVENT_REPAIR_TURRET","FD_SCORE_REPAIR_TURRET","","","MEDAL GAMEMODE","rui/medals/medal_prototype","",false
"FDDidntDie","#SCORE_EVENT_DIDNT_DIE","#SCORE_EVENT_DIDNT_DIE","FD_SCORE_DIDNT_DIE","","","MEDAL_FORCED GAMEMODE","rui/medals/heal","",false
"FDShieldHarvester","#SCORE_EVENT_FD_SHIELD_HARVESTER","#SCORE_EVENT_FD_SHIELD_HARVESTER","FD_SCORE_SHIELD_HARVESTER","","","MEDAL GAMEMODE","rui/medals/shielded_harvester","",false
"FDSonarPulse","#SCORE_EVENT_FD_SONAR_PULSE","#SCORE_EVENT_FD_SONAR_PULSE","FD_SCORE_SONAR_PULSE","","","MEDAL GAMEMODE","rui/medals/medal_prototype","",false
"FDArcTrapTriggered","#SCORE_EVENT_FD_ARC_TRAP_TRIGGERED","#SCORE_EVENT_FD_ARC_TRAP_TRIGGERED","FD_SCORE_ARC_TRAP_TRIGGERED","","","MEDAL GAMEMODE","rui/medals/kill_robot","",false
"FDTetherTriggered","#SCORE_EVENT_FD_TETHER_TRAP_TRIGGERED","#SCORE_EVENT_FD_TETHER_TRAP_TRIGGERED","FD_SCORE_TETHER_TRAP_TRIGGERED","","","MEDAL GAMEMODE","rui/medals/kill_robot","",false
"FDArcWave","#SCORE_EVENT_FD_ARC_WAVE","#SCORE_EVENT_FD_ARC_WAVE","FD_SCORE_ARC_WAVE","","","MEDAL GAMEMODE","rui/medals/medal_prototype","",false
"FDTeamHeal","#SCORE_EVENT_FD_TEAM_HEAL","#SCORE_EVENT_FD_TEAM_HEAL","FD_SCORE_TEAM_HEAL","","","MEDAL GAMEMODE","rui/medals/heal","",false
"FDDamageBonus","#SCORE_EVENT_FD_DAMAGE_BONUS","#SCORE_EVENT_FD_DAMAGE_BONUS","FD_SCORE_DAMAGE_BONUS","","","MEDAL_FORCED GAMEMODE SHOW_SCORE","rui/medals/medal_prototype","",false
"FDHealingBonus","#SCORE_EVENT_FD_HEALING_BONUS","#SCORE_EVENT_FD_HEALING_BONUS","FD_SCORE_HEALING_BONUS","","","MEDAL_FORCED GAMEMODE SHOW_SCORE","rui/medals/heal","",false
"FDSupportBonus","#SCORE_EVENT_FD_SUPPORT_BONUS","#SCORE_EVENT_FD_SUPPORT_BONUS","FD_SCORE_SUPPORT_BONUS","","","MEDAL_FORCED GAMEMODE SHOW_SCORE","rui/medals/kill_robot","",false
"Sur_DownedPilot","#SCORE_EVENT_SUR_DOWNED_PILOT_HUD","#SCORE_EVENT_SUR_DOWNED_PILOT","SUR_SCORE_DOWNED_PILOT","","","BIG MEDAL CENTER","rui/medals/kill","",false
"EliminatePilotAssist","#SCORE_EVENT_ELIMINATED_ASSIST","#MEDAL_ELIMINATED_PILOT","","","","BIG MEDAL CENTER","rui/medals/kill","",false
"Control_Elimination","#SCORE_EVENT_CONTROL_ELIMINATION","","","","","","rui/hud/gamestate/player_kills_icon","",false
"Control_Damage","","","","","","","rui/hud/gamestate/player_damage_dealt_icon","",false
"Control_ContestingObjective","#SCORE_EVENT_CONTROL_CONTEST_OBJECTIVE","","","","","","rui/hud/gametype_icons/control/control_ratings","",false
"Control_CapturedObjective","#SCORE_EVENT_CONTROL_CAPTURE_OBJECTIVE","","","","","","rui/hud/gametype_icons/control/control_ratings","",false
"Control_NeutralizedObjective","#SCORE_EVENT_CONTROL_NEUTRAL_OBJECTIVE","","","","","","rui/hud/gametype_icons/control/control_ratings","",false
"Control_BountyClaimed","#SCORE_EVENT_CONTROL_BOUNTY_CLAIMED","","","","","","rui/hud/gametype_icons/control/control_ratings","",false
"Control_DefendingObjective","","","","","","","rui/hud/gametype_icons/control/control_ratings","",false
"Control_LockoutCanceled","#SCORE_EVENT_CONTROL_LOCKOUT_CANCELED","","","","","","","",false
"Control_Exp_Elimination","#EXP_EVENT_CONTROL_ELIMINATION","","","","ASSAULT","","rui/hud/gametype_icons/control/control_ratings","",false
"Control_Exp_Assist","#EXP_EVENT_CONTROL_ASSIST","","","","ASSAULT","","rui/hud/gametype_icons/control/control_ratings","",false
"Control_Exp_ContestingObjective","#EXP_EVENT_CONTROL_CONTEST_OBJECTIVE","","","","ASSAULT","","rui/hud/gametype_icons/control/control_ratings","",false
"Control_Exp_CapturingObjective","#EXP_EVENT_CONTROL_CAPTURING_OBJECTIVE","","","","ASSAULT","","rui/hud/gametype_icons/control/control_ratings","",false
"Control_Exp_CapturedObjective","#EXP_EVENT_CONTROL_CAPTURE_OBJECTIVE","","","","ASSAULT","","rui/hud/gametype_icons/control/control_ratings","",false
"Control_Exp_TeamCapturedObjective","#EXP_EVENT_CONTROL_TEAMCAPTURE_OBJECTIVE","","","","ASSAULT","","rui/hud/gametype_icons/control/control_ratings","",false
"Control_Exp_NeutralizedObjective","#EXP_EVENT_CONTROL_NEUTRAL_OBJECTIVE","","","","ASSAULT","","rui/hud/gametype_icons/control/control_ratings","",false
"Control_Exp_TeamNeutralizedObjective","#EXP_EVENT_CONTROL_TEAMNEUTRAL_OBJECTIVE","","","","ASSAULT","","rui/hud/gametype_icons/control/control_ratings","",false
"Control_Exp_BountyClaimed","#EXP_EVENT_CONTROL_BOUNTY_CLAIMED","","","","ASSAULT","","rui/hud/gametype_icons/control/control_ratings","",false
"Control_Exp_DefendingObjective","#EXP_EVENT_CONTROL_DEFEND_OBJECTIVE","","","","ASSAULT","","rui/hud/gametype_icons/control/control_ratings","",false
"Control_Exp_DefendingActiveObjective","#EXP_EVENT_CONTROL_DEFEND_ACTIVEOBJECTIVE","","","","ASSAULT","","rui/hud/gametype_icons/control/control_ratings","",false
"Control_Exp_GunRackUse","#EXP_EVENT_CONTROL_GUNRACKUSE","","","","ASSAULT","","rui/hud/gametype_icons/control/control_ratings","",false
"Control_Exp_WithSquadBonus","#EXP_EVENT_CONTROL_WITHSQUADBONUS","","","","ASSAULT","","rui/hud/gametype_icons/control/control_ratings","",false
"Control_Exp_AttackerKill","#EXP_EVENT_CONTROL_ATTACKERKILL","","","","ASSAULT","","rui/hud/gametype_icons/control/control_ratings","",false
"Control_Exp_DefenderKill","#EXP_EVENT_CONTROL_DEFENDERKILL","","","","ASSAULT","","rui/hud/gametype_icons/control/control_ratings","",false
"Control_Exp_HighTierKill","#EXP_EVENT_CONTROL_HIGHTIERKILL","","","","ASSAULT","","rui/hud/gametype_icons/control/control_ratings","",false
"Control_Exp_ReallyHighTierKill","#EXP_EVENT_CONTROL_REALLYHIGHTIERKILL","","","","ASSAULT","","rui/hud/gametype_icons/control/control_ratings","",false
"Control_Exp_ExpReset","","","","","ASSAULT","","","",false
"Control_Exp_SpawnOnBase","#EXP_EVENT_CONTROL_SPAWNONBASE","","","","ASSAULT","","rui/hud/gametype_icons/control/control_ratings","",false
"Control_Exp_Respawn","#EXP_EVENT_CONTROL_RESPAWN","","","","ASSAULT","","rui/hud/gametype_icons/control/control_ratings","",false
"Control_Exp_KillEXPLeader","#EXP_EVENT_CONTROL_KILL_EXPLEADER","","","","ASSAULT","","rui/hud/gametype_icons/control/control_ratings","",false
"Control_Exp_TeamCanceledLockout","#EXP_EVENT_CONTROL_TEAMLOCKOUT_CANCELED","","","","ASSAULT","","rui/hud/gametype_icons/control/control_ratings","",false
"Control_Exp_MRBCarrier","#EXP_EVENT_CONTROL_MRB_CARRIER","","","","ASSAULT","","rui/hud/gametype_icons/control/control_ratings","",false
"Control_Exp_MRBDeployed","#EXP_EVENT_CONTROL_MRB_DEPLOYED","","","","ASSAULT","","rui/hud/gametype_icons/control/control_ratings","",false
"FreeDM_KillingSpree","#SCORE_EVENT_FREEDM_KILLINGSPREE","#SCORE_EVENT_FREEDM_KILLING_SPREE","POINTVALUE_KILLINGSPREE","","","MEDAL","rui/medals/kill_multiple","kc_killingspree",false
"string","string","string","string","string","string","string","asset_noprecache","string","bool"